Customer ID,Recency,Frequency,Monetary,Cluster
12347.0,95,5,2540.29,0
12348.0,220,1,367.0,1
12350.0,311,1,334.4,1
12352.0,274,3,1296.38,1
12355.0,96,1,459.4,0
12356.0,128,1,481.46,0
12357.0,182,1,6207.67,0
12358.0,3,2,1168.06,0
12359.0,9,3,3495.73,0
12362.0,30,5,2135.79,0
12363.0,36,1,299.1,0
12364.0,301,1,310.32,1
12367.0,212,1,168.9,1
12370.0,68,1,938.39,0
12371.0,30,1,1527.96,0
12372.0,35,1,515.7,0
12373.0,342,1,364.6,1
12375.0,304,1,230.3,1
12378.0,305,1,4008.62,1
12380.0,157,1,607.5500000000001,0
12381.0,0,5,1845.31,0
12383.0,9,2,750.61,0
12384.0,29,2,585.27,0
12386.0,192,2,401.9,0
12388.0,98,2,334.95000000000005,0
12393.0,39,2,884.1,0
12394.0,153,2,1272.48,0
12395.0,5,7,1762.63,0
12397.0,243,1,1195.09,1
12399.0,2,3,820.6,0
12401.0,99,1,84.3,0
12406.0,95,1,1621.25,0
12407.0,186,1,719.06,0
12408.0,152,2,1396.78,0
12409.0,65,1,6207.08,0
12410.0,252,2,693.3299999999999,1
12413.0,192,2,673.45,0
12414.0,188,2,319.61,0
12415.0,70,10,44582.79,2
12417.0,181,4,1572.48,0
12420.0,153,1,600.39,0
12422.0,215,1,147.7,1
12423.0,89,3,548.92,0
12427.0,61,2,586.08,0
12428.0,32,6,6580.52,0
12429.0,454,1,1281.5,1
12431.0,2,7,3055.05,0
12433.0,89,5,9033.92,0
12436.0,335,1,509.01,1
12437.0,9,7,2040.81,0
12441.0,485,1,173.55,1
12442.0,181,1,172.06,0
12444.0,0,2,1636.08,0
12447.0,67,1,476.49,0
12449.0,92,3,2724.58,0
12450.0,186,1,96.0,0
12451.0,214,2,4927.87,1
12455.0,186,3,477.46,0
12457.0,244,1,196.35,1
12461.0,125,2,826.88,0
12462.0,99,1,762.11,0
12463.0,6,1,350.57,0
12464.0,283,1,213.9,1
12468.0,218,1,508.9500000000001,1
12471.0,151,12,10274.57,0
12472.0,152,2,1899.38,0
12473.0,60,3,1716.01,0
12474.0,3,3,1179.64,0
12476.0,219,1,311.2,1
12477.0,38,2,3415.19,0
12478.0,181,1,680.99,0
12480.0,29,2,1952.93,0
12481.0,162,3,2070.23,0
12483.0,35,4,1185.46,0
12484.0,152,3,2007.34,0
12489.0,162,1,334.93,0
12490.0,96,4,2463.06,0
12491.0,333,1,460.4,1
12492.0,153,1,136.82,0
12494.0,337,2,210.82,1
12500.0,70,3,745.03,0
12501.0,162,1,2169.39,0
12502.0,188,4,3021.07,0
12504.0,90,1,449.4,0
12507.0,156,1,46.75,0
12508.0,60,1,274.8,0
12512.0,244,2,132.18,1
12516.0,4,1,583.2,0
12517.0,29,4,2064.4,0
12518.0,0,3,1207.16,0
12519.0,153,1,330.84,0
12520.0,37,1,987.42,0
12523.0,9,3,398.7,0
12524.0,70,4,2962.6,0
12526.0,89,2,797.38,0
12528.0,129,2,552.64,0
12530.0,30,3,1244.68,0
12532.0,90,1,349.83000000000004,0
12534.0,336,1,1089.18,1
12535.0,92,2,716.35,0
12536.0,30,1,4279.71,0
12538.0,60,1,363.95,0
12539.0,70,1,1715.85,0
12540.0,39,8,5047.38,0
12541.0,60,2,757.44,0
12544.0,274,1,372.7,1
12547.0,251,1,159.4,1
12552.0,333,1,120.0,1
12553.0,0,4,1356.57,0
12556.0,33,1,308.75,0
12557.0,39,3,8183.46,0
12558.0,301,1,269.96,1
12559.0,311,1,75.60000000000001,1
12560.0,242,1,697.7,1
12561.0,69,1,238.85,0
12562.0,216,2,1304.37,1
12567.0,126,6,4643.61,0
12569.0,0,18,2534.95,2
12571.0,63,1,248.35,0
12572.0,332,1,487.68,1
12576.0,130,4,1076.63,0
12577.0,243,2,430.71,1
12580.0,159,1,415.7,0
12583.0,0,9,5093.27,0
12584.0,157,4,835.94,0
12587.0,301,1,144.0,1
12589.0,29,1,515.1800000000001,0
12590.0,5,2,9864.26,0
12592.0,66,2,437.6,0
12593.0,219,2,321.8,1
12594.0,63,3,850.83,0
12596.0,36,1,269.95,0
12597.0,95,1,912.66,0
12598.0,29,4,1200.32,0
12599.0,33,4,636.3,0
12600.0,29,3,884.02,0
12601.0,39,3,325.46,0
12602.0,0,1,153.12,0
12607.0,61,1,1579.51,0
12609.0,187,1,512.8,0
12610.0,216,1,946.75,1
12614.0,160,1,315.6,0
12615.0,151,2,1079.8,0
12616.0,215,1,457.7,1
12617.0,60,1,352.98,0
12619.0,182,2,871.84,0
12621.0,5,5,3424.84,0
12623.0,129,1,305.1,0
12625.0,5,1,967.2,0
12626.0,183,2,2440.39,0
12627.0,183,3,2441.14,0
12628.0,182,3,786.46,0
12633.0,0,2,434.43,0
12635.0,31,2,1689.18,0
12637.0,92,4,3615.75,0
12638.0,182,1,671.69,0
12643.0,39,5,3094.14,0
12644.0,305,1,477.91,1
12645.0,182,2,893.9200000000001,0
12646.0,212,1,615.28,1
12647.0,31,7,2260.07,0
12648.0,125,1,318.05,0
12649.0,35,1,375.0,0
12650.0,181,1,314.44,0
12651.0,100,1,114.0,0
12652.0,9,1,919.98,0
12654.0,302,1,171.23000000000002,1
12659.0,60,1,91.68,0
12662.0,89,5,1618.21,0
12664.0,0,4,2294.8,0
12667.0,0,1,620.13,0
12669.0,3,2,1607.73,0
12670.0,60,2,1273.54,0
12673.0,242,1,389.62,1
12674.0,92,2,993.8,0
12676.0,124,3,800.15,0
12678.0,218,2,2073.52,1
12679.0,0,2,906.38,0
12680.0,31,2,361.83,0
12681.0,33,7,5368.29,0
12682.0,2,16,7279.68,2
12683.0,5,10,4300.7,0
12684.0,66,3,916.26,0
12685.0,29,3,2019.54,0
12686.0,638,1,89.14,1
12689.0,246,1,511.03,1
12691.0,0,2,479.5,0
12693.0,5,2,454.01,0
12694.0,95,1,439.5,0
12695.0,244,2,248.2,1
12697.0,29,1,223.68,0
12700.0,127,4,4939.99,0
12701.0,36,1,337.08,0
12704.0,243,3,1120.85,1
12705.0,128,2,2319.67,0
12708.0,60,4,792.87,0
12709.0,0,6,4051.34,0
12710.0,245,2,430.06,1
12712.0,9,8,2680.03,0
12713.0,89,1,848.55,0
12716.0,181,1,375.59,0
12717.0,33,2,1030.98,0
12719.0,214,2,644.95,1
12720.0,3,13,3029.32,0
12721.0,95,4,2026.63,0
12722.0,3,1,302.92,0
12723.0,181,3,376.69,0
12724.0,39,2,363.14,0
12725.0,638,1,427.8,1
12726.0,29,3,1363.9,0
12727.0,215,4,1903.54,0
12728.0,39,1,252.54,0
12731.0,35,3,2705.2,0
12735.0,192,1,319.77,0
12736.0,39,1,234.0,0
12738.0,666,1,155.35,1
12739.0,335,1,975.54,1
12740.0,153,1,427.6,0
12744.0,220,3,8209.58,0
12747.0,151,5,2226.18,0
12748.0,5,106,13826.84,2
12749.0,66,4,3518.29,0
12750.0,277,1,275.88,1
12753.0,99,4,12940.51,0
12754.0,160,2,61.62,0
12755.0,251,2,3811.95,1
12757.0,5,6,3417.37,0
12758.0,129,1,1570.19,0
12759.0,98,1,444.8,0
12762.0,301,1,1436.93,1
12763.0,577,1,320.08,1
12766.0,100,3,2554.2000000000003,0
12772.0,30,1,892.47,0
12775.0,279,2,634.25,1
12778.0,95,2,255.93,0
12779.0,220,5,2298.15,0
12781.0,153,1,277.48,0
12782.0,212,1,252.25,1
12783.0,151,2,622.84,0
12785.0,424,1,311.95,1
12787.0,92,1,186.56,0
12789.0,214,1,91.85,1
12791.0,697,1,192.6,1
12793.0,100,2,545.48,0
12794.0,304,1,317.0,1
12797.0,454,1,254.03,1
12802.0,187,1,427.58,0
12808.0,126,3,483.65,0
12816.0,215,1,253.55,1
12817.0,282,1,166.04,1
12820.0,181,1,210.35,0
12821.0,96,1,92.72,0
12823.0,246,1,229.5,1
12824.0,30,1,397.12,0
12826.0,60,3,577.1,0
12827.0,152,2,212.4,0
12828.0,151,5,907.51,0
12829.0,162,1,207.25,0
12830.0,92,3,2258.56,0
12832.0,152,2,383.03,0
12834.0,310,1,312.38,1
12836.0,30,3,2159.23,0
12838.0,182,2,671.95,0
12839.0,95,5,2203.66,0
12840.0,65,2,1296.7,0
12841.0,4,13,2158.56,0
12842.0,252,1,310.73,1
12843.0,66,5,1282.36,0
12844.0,60,2,325.96000000000004,0
12849.0,121,1,341.44,0
12851.0,245,1,131.81,1
12854.0,6,1,420.47,0
12855.0,666,1,38.1,1
12856.0,29,3,869.71,0
12857.0,69,1,801.6,0
12865.0,124,1,981.38,0
12866.0,341,1,559.12,1
12867.0,96,2,1123.91,0
12868.0,9,4,1176.34,0
12872.0,454,1,378.53,1
12873.0,310,1,374.0,1
12875.0,363,1,293.76000000000005,1
12877.0,155,4,376.56,0
12879.0,92,1,140.5,0
12881.0,98,1,298.0,0
12882.0,182,1,471.84,0
12883.0,31,1,291.63,0
12884.0,1,1,309.05,0
12885.0,124,3,1175.22,0
12886.0,249,2,1378.4,1
12888.0,96,1,81.36,0
12891.0,157,2,289.0,0
12893.0,90,1,176.55,0
12897.0,38,1,128.8,0
12901.0,35,6,1621.92,0
12910.0,6,2,1286.62,0
12912.0,151,2,804.24,0
12913.0,38,4,1401.49,0
12915.0,666,1,199.65,1
12917.0,277,1,594.0,1
12919.0,3,3,676.82,0
12921.0,35,20,7377.78,2
12922.0,337,1,405.38,1
12923.0,183,1,172.82,0
12924.0,1,2,508.23,0
12925.0,212,1,325.74,1
12928.0,6,2,980.26,0
12929.0,342,1,117.85,1
12931.0,32,5,35265.76,2
12933.0,341,1,110.75,1
12935.0,151,2,343.78,0
12939.0,37,4,6397.92,0
12942.0,454,1,258.75,1
12944.0,243,1,317.56,1
12947.0,65,4,950.12,0
12948.0,30,2,660.6700000000001,0
12949.0,90,5,3025.07,0
12950.0,151,2,1531.4,0
12951.0,220,2,467.48,1
12952.0,242,1,297.73,1
12955.0,120,5,2505.06,0
12956.0,191,1,108.07,0
12957.0,187,2,1000.2,0
12962.0,301,1,95.85,1
12963.0,332,2,630.45,1
12965.0,31,1,769.8100000000001,0
12967.0,638,1,1368.4,1
12970.0,301,2,381.67,1
12971.0,9,35,3877.92,2
12976.0,5,1,738.6,0
12977.0,186,1,39.24,0
12980.0,9,5,4082.94,0
12981.0,60,1,185.04,0
12982.0,36,1,390.54,0
12985.0,29,2,1239.38,0
12989.0,1,7,2961.31,0
12990.0,121,3,409.5,0
12993.0,32,1,197.1,0
12994.0,32,2,621.82,0
12997.0,1,1,307.92,0
12999.0,128,1,320.28000000000003,0
13000.0,424,1,201.75,1
13001.0,126,5,3717.68,0
13003.0,33,2,89.05000000000001,0
13004.0,70,7,2364.39,0
13005.0,159,1,321.65,0
13011.0,666,1,50.55,1
13012.0,66,2,330.12,0
13013.0,35,10,4000.44,0
13014.0,152,4,1434.08,0
13015.0,128,3,979.37,0
13016.0,124,1,425.25,0
13017.0,301,1,204.0,1
13018.0,90,8,2116.4,0
13021.0,127,3,952.83,0
13023.0,183,2,689.9,0
13026.0,98,5,975.36,0
13027.0,156,2,1536.0,0
13029.0,90,1,474.3,0
13030.0,546,1,402.36,1
13034.0,577,1,165.86,1
13037.0,249,1,326.9,1
13038.0,95,1,196.66,0
13040.0,182,2,676.99,0
13043.0,37,1,516.42,0
13045.0,335,1,305.28000000000003,1
13046.0,90,1,431.59,0
13047.0,121,7,1697.41,0
13049.0,183,1,502.9,0
13050.0,63,5,1911.92,0
13052.0,35,1,348.15000000000003,0
13055.0,66,1,344.86,0
13058.0,0,2,137.70000000000002,0
13059.0,250,1,183.4,1
13062.0,338,1,346.98,1
13064.0,1,2,639.03,0
13065.0,697,1,205.86,1
13066.0,152,1,151.81,0
13069.0,2,14,2825.74,0
13075.0,305,1,919.61,1
13077.0,120,2,465.55,0
13078.0,0,10,4629.86,0
13079.0,92,2,65.7,0
13081.0,60,6,17893.61,0
13082.0,216,3,1747.54,1
13083.0,212,1,111.36,1
13085.0,217,1,137.98000000000002,1
13089.0,6,37,27867.5,2
13090.0,121,6,4099.54,0
13091.0,29,1,345.82,0
13092.0,5,2,151.0,0
13093.0,98,4,3470.34,0
13094.0,38,8,1134.24,0
13097.0,93,3,1939.18,0
13098.0,33,17,19025.14,2
13099.0,335,1,207.36,1
13102.0,39,13,3843.97,0
13104.0,181,1,339.48,0
13107.0,70,1,566.84,0
13108.0,666,1,350.06,1
13109.0,30,2,786.54,0
13110.0,121,3,781.88,0
13113.0,5,11,4756.24,0
13115.0,0,2,1779.62,0
13117.0,63,5,664.71,0
13122.0,184,1,18.72,0
13124.0,31,2,2500.01,0
13126.0,68,5,1126.69,0
13130.0,184,1,64.0,0
13131.0,218,1,324.9,1
13133.0,37,2,109.8,0
13134.0,95,1,360.04,0
13136.0,35,1,574.46,0
13137.0,29,4,1989.17,0
13138.0,666,1,193.23,1
13139.0,127,3,1887.38,0
13140.0,485,1,158.26,1
13141.0,96,1,360.18,0
13144.0,39,1,110.95,0
13145.0,92,3,499.72,0
13147.0,90,2,356.40000000000003,0
13148.0,60,5,1693.18,0
13153.0,242,1,486.22,1
13155.0,182,2,468.96,0
13157.0,6,1,300.12,0
13158.0,2,3,944.65,0
13159.0,332,1,282.56,1
13162.0,93,3,1139.86,0
13166.0,341,1,417.2,1
13167.0,275,2,416.76,1
13168.0,274,1,346.53000000000003,1
13169.0,153,2,712.88,0
13173.0,212,2,353.65,1
13174.0,577,1,1369.06,1
13177.0,183,1,282.45,0
13178.0,96,3,1465.06,0
13183.0,100,4,1799.42,0
13184.0,33,5,813.19,0
13186.0,154,2,1301.94,0
13187.0,192,1,236.02,0
13192.0,215,1,447.62,1
13193.0,91,1,112.08,0
13198.0,32,3,1824.44,0
13199.0,121,13,2863.76,0
13200.0,216,1,319.32,1
13203.0,32,2,309.86,0
13207.0,3,1,197.52000000000004,0
13208.0,0,4,692.14,0
13209.0,90,4,2330.79,0
13210.0,154,1,353.48,0
13211.0,215,1,673.94,1
13212.0,91,2,291.47,0
13213.0,95,2,548.6,0
13217.0,93,2,137.02,0
13218.0,246,1,62.63999999999999,1
13220.0,157,2,643.09,0
13224.0,33,2,2155.95,0
13225.0,61,3,3428.0,0
13226.0,37,1,108.21,0
13230.0,60,7,1535.63,0
13232.0,4,3,461.58,0
13233.0,162,1,304.24,0
13235.0,35,1,1031.07,0
13240.0,245,2,334.11,1
13242.0,66,2,104.0,0
13244.0,123,1,121.74,0
13248.0,155,2,465.68,0
13249.0,123,2,419.5700000000001,0
13253.0,186,2,1030.4,0
13255.0,697,1,225.7,1
13259.0,91,1,283.18,0
13260.0,91,1,557.62,0
13263.0,5,13,2726.68,0
13265.0,1,4,1787.3,0
13266.0,60,5,1601.99,0
13267.0,9,11,2592.29,0
13268.0,6,3,837.53,0
13269.0,1,8,2939.04,0
13270.0,485,1,590.0,1
13271.0,302,1,211.49,1
13272.0,31,2,276.56,0
13276.0,153,2,590.9300000000001,0
13280.0,93,2,406.45,0
13282.0,280,1,344.70000000000005,1
13283.0,30,2,93.66,0
13285.0,337,1,796.83,1
13291.0,156,1,361.11,0
13292.0,333,1,329.37,1
13294.0,250,2,873.74,1
13297.0,275,2,1638.9,1
13298.0,120,1,360.0,0
13301.0,247,2,306.99,1
13302.0,156,1,63.75,0
13305.0,37,6,1086.21,0
13307.0,32,1,15.0,0
13309.0,1,3,1007.09,0
13310.0,29,1,314.38,0
13311.0,3,2,598.57,0
13313.0,127,3,934.04,0
13314.0,120,2,276.32,0
13316.0,302,1,1514.17,1
13317.0,244,1,959.7,1
13318.0,120,3,640.76,0
13319.0,60,15,6712.74,2
13320.0,66,2,508.61,0
13323.0,152,3,530.25,0
13324.0,31,5,4649.83,0
13327.0,157,4,2084.42,0
13329.0,121,2,789.0,0
13330.0,123,2,805.11,0
13334.0,161,2,2708.59,0
13338.0,217,1,487.02,1
13340.0,129,1,3678.03,0
13344.0,160,3,2511.69,0
13348.0,183,1,233.76,0
13351.0,244,1,373.94,1
13352.0,61,1,397.98,0
13355.0,93,1,674.7,0
13359.0,153,1,439.56,0
13362.0,128,1,768.83,0
13365.0,182,2,2225.37,0
13368.0,192,1,35.400000000000006,0
13369.0,454,1,308.28000000000003,1
13370.0,638,1,754.87,1
13372.0,31,1,378.64,0
13373.0,61,3,3312.25,0
13375.0,1,1,778.65,0
13376.0,335,1,249.76,1
13379.0,303,1,299.53,1
13381.0,31,2,1177.98,0
13382.0,251,1,222.99,1
13384.0,90,2,1305.44,0
13394.0,33,4,1218.27,0
13395.0,157,1,307.72,0
13396.0,60,1,973.72,0
13397.0,95,2,678.62,0
13402.0,246,2,621.23,1
13404.0,35,2,252.49,0
13408.0,3,22,10221.25,2
13410.0,218,1,140.4,1
13414.0,217,1,467.7,1
13417.0,212,1,404.83,1
13418.0,35,11,3642.99,0
13419.0,153,1,221.06,0
13422.0,183,1,2626.3,0
13426.0,31,5,2017.32,0
13427.0,32,2,464.86,0
13429.0,61,1,165.72,0
13431.0,1,2,1269.1,0
13434.0,245,1,72.84,1
13435.0,216,3,1137.28,1
13436.0,120,1,196.89,0
13437.0,121,4,2374.81,0
13441.0,92,1,296.64,0
13447.0,182,2,654.01,0
13448.0,219,4,1423.26,0
13450.0,31,4,1289.34,0
13451.0,5,3,1778.37,0
13455.0,485,1,692.94,1
13456.0,153,2,884.7600000000001,0
13458.0,6,8,5803.16,0
13460.0,60,1,75.98,0
13461.0,333,1,560.8,1
13462.0,340,1,151.5,1
13464.0,0,1,674.68,0
13466.0,126,1,307.9,0
13467.0,274,1,770.66,1
13468.0,0,21,3397.3,2
13470.0,335,1,49.5,1
13471.0,120,2,955.44,0
13473.0,39,2,422.64,0
13475.0,188,2,525.26,0
13476.0,282,1,727.6,1
13477.0,5,2,421.59,0
13483.0,214,1,140.34,1
13484.0,6,1,313.8,0
13486.0,156,2,819.61,0
13487.0,66,1,215.65,0
13488.0,9,4,4038.12,0
13489.0,217,1,51.36,1
13491.0,39,5,655.48,0
13492.0,96,2,676.1,0
13493.0,98,1,439.28,0
13494.0,342,1,316.26000000000005,1
13495.0,243,3,1483.39,1
13497.0,310,2,348.05,1
13499.0,60,1,323.62,0
13500.0,93,2,668.8,0
13502.0,68,1,74.56,0
13504.0,183,1,295.93,0
13506.0,577,1,301.12,1
13507.0,181,2,842.69,0
13508.0,67,1,110.97,0
13509.0,37,3,265.3,0
13510.0,95,3,1239.67,0
13513.0,216,1,205.1,1
13515.0,189,1,203.4,0
13517.0,30,1,516.24,0
13520.0,0,3,1592.45,0
13521.0,120,2,794.25,0
13522.0,90,1,125.8,0
13523.0,182,2,1545.79,0
13524.0,249,1,159.20000000000002,1
13525.0,220,1,282.88,1
13527.0,31,3,879.84,0
13531.0,485,1,305.45,1
13532.0,182,1,210.31,0
13533.0,65,1,124.15,0
13534.0,130,7,1746.18,0
13536.0,120,2,1005.1,0
13538.0,32,4,728.55,0
13539.0,283,1,164.1,1
13548.0,67,2,678.16,0
13549.0,3,3,370.2,0
13552.0,124,3,909.34,0
13557.0,29,2,584.06,0
13558.0,91,3,435.39,0
13560.0,301,1,171.42000000000002,1
13561.0,127,1,141.86,0
13562.0,128,1,603.27,0
13564.0,546,1,536.0500000000001,1
13565.0,100,1,110.18,0
13569.0,516,1,109.82,1
13570.0,67,1,239.49,0
13571.0,123,5,983.75,0
13575.0,0,1,147.41,0
13576.0,60,8,3233.78,0
13577.0,6,2,728.45,0
13579.0,577,1,164.70000000000002,1
13581.0,283,1,118.0,1
13583.0,156,1,781.03,0
13584.0,191,1,142.4,0
13587.0,153,1,712.4,0
13588.0,29,4,1043.85,0
13590.0,3,2,513.41,0
13591.0,183,1,340.9,0
13592.0,66,2,138.39,0
13593.0,162,1,559.85,0
13596.0,242,1,285.44,1
13599.0,6,11,3279.68,0
13601.0,5,1,373.2,0
13602.0,183,1,428.89,0
13606.0,60,3,276.75,0
13610.0,67,2,230.25,0
13611.0,31,1,517.68,0
13614.0,31,1,302.15,0
13617.0,4,1,131.11,0
13623.0,90,2,335.56,0
13626.0,340,1,257.23,1
13627.0,30,1,304.29,0
13629.0,90,5,3604.0,0
13630.0,126,3,984.7,0
13631.0,335,1,52.5,1
13632.0,67,1,259.24,0
13634.0,36,2,466.29,0
13635.0,275,1,1071.03,1
13636.0,93,3,657.27,0
13637.0,218,1,262.25,1
13642.0,127,1,312.28,0
13643.0,121,3,519.44,0
13645.0,32,1,252.1,0
13649.0,485,1,197.8,1
13650.0,1,3,792.58,0
13651.0,243,1,15.0,1
13652.0,546,1,308.8,1
13654.0,36,2,798.24,0
13655.0,6,1,383.65,0
13656.0,192,1,162.70000000000002,0
13662.0,35,1,288.74,0
13666.0,61,1,20.6,0
13668.0,36,9,2234.54,0
13672.0,38,2,186.39,0
13673.0,152,1,204.12,0
13675.0,33,1,178.38000000000002,0
13678.0,33,1,232.6,0
13680.0,120,3,3026.67,0
13681.0,156,2,531.08,0
13682.0,218,1,59.5,1
13685.0,61,5,2519.15,0
13686.0,65,1,72.0,0
13689.0,153,1,910.0,0
13690.0,30,1,172.25,0
13692.0,66,1,14.95,0
13694.0,66,18,19940.56,2
13695.0,2,9,1724.47,0
13697.0,333,1,151.29999999999998,1
13699.0,156,1,308.58000000000004,0
13700.0,6,3,719.98,0
13704.0,0,3,650.53,0
13705.0,301,2,507.32,1
13706.0,69,1,330.79,0
13709.0,181,8,3079.64,0
13710.0,121,1,180.48,0
13711.0,219,2,252.06,1
13712.0,159,1,228.84,0
13715.0,223,5,1077.39,0
13717.0,152,2,389.25,0
13718.0,159,1,192.5,0
13719.0,182,1,330.79,0
13721.0,274,1,524.14,1
13722.0,310,1,1463.47,1
13723.0,188,1,199.85,0
13725.0,161,2,1168.63,0
13726.0,333,1,786.98,1
13727.0,29,2,333.48,0
13728.0,274,2,377.7,1
13730.0,337,1,306.75,1
13731.0,159,2,610.59,0
13732.0,29,1,491.86,0
13736.0,242,1,372.27,1
13741.0,95,2,363.13,0
13742.0,31,5,954.87,0
13743.0,1,4,916.68,0
13744.0,215,1,263.2,1
13747.0,697,1,79.6,1
13748.0,159,4,800.8,0
13750.0,162,1,325.44,0
13752.0,96,5,876.39,0
13754.0,33,1,126.6,0
13755.0,153,3,726.8100000000001,0
13756.0,61,8,3326.6400000000003,0
13758.0,100,5,1784.37,0
13759.0,182,1,99.0,0
13762.0,219,1,306.72,1
13763.0,153,1,1714.96,0
13764.0,192,1,499.89,0
13767.0,33,17,8407.1,2
13769.0,93,6,1670.8000000000002,0
13771.0,183,3,2041.2,0
13772.0,182,2,894.21,0
13777.0,89,18,12215.31,2
13780.0,301,1,243.73,1
13781.0,281,1,127.84,1
13782.0,155,2,266.0,0
13784.0,39,6,1123.47,0
13786.0,516,1,230.4,1
13787.0,424,1,106.4,1
13790.0,212,1,348.8,1
13791.0,246,1,579.0,1
13792.0,244,1,120.95,1
13798.0,1,29,21790.46,2
13800.0,283,1,558.32,1
13801.0,244,1,324.8,1
13802.0,342,1,969.74,1
13804.0,90,4,844.85,0
13805.0,305,1,500.24,1
13806.0,153,1,256.38,0
13807.0,516,1,112.6,1
13808.0,154,4,1591.56,0
13809.0,161,1,155.05,0
13810.0,29,1,246.01,0
13811.0,95,1,333.0,0
13812.0,183,1,139.88,0
13813.0,31,1,292.24,0
13814.0,123,1,961.58,0
13816.0,183,1,371.69,0
13817.0,60,1,254.28,0
13819.0,38,2,732.05,0
13822.0,242,1,163.62,1
13823.0,92,1,650.42,0
13824.0,6,3,1371.28,0
13831.0,219,2,719.3,1
13833.0,278,1,383.85,1
13835.0,127,2,537.34,0
13837.0,5,1,157.54000000000002,0
13838.0,242,2,437.94,1
13841.0,340,1,85.0,1
13842.0,0,6,2137.09,0
13845.0,183,1,312.98,0
13846.0,36,1,252.53,0
13848.0,123,2,640.0,0
13850.0,305,1,1595.48,1
13851.0,215,2,2405.14,1
13854.0,1,11,3696.87,0
13856.0,95,1,124.6,0
13860.0,120,1,319.45,0
13862.0,39,3,1026.16,0
13863.0,189,1,305.78,0
13865.0,0,2,277.44,0
13867.0,121,2,561.3,0
13868.0,301,2,3192.54,1
13869.0,124,1,1510.49,0
13870.0,151,1,152.75,0
13871.0,68,3,1392.0,0
13873.0,2,3,389.6,0
13875.0,38,2,724.85,0
13876.0,153,1,122.7,0
13880.0,187,4,837.74,0
13881.0,36,9,9414.78,0
13882.0,90,3,435.34,0
13883.0,219,3,762.37,1
13884.0,31,5,787.6,0
13885.0,279,1,107.65,1
13888.0,2,2,595.67,0
13889.0,123,1,416.9,0
13890.0,120,5,913.15,0
13892.0,159,2,395.73,0
13894.0,311,1,160.85,1
13895.0,29,2,1655.77,0
13899.0,68,1,298.5,0
13900.0,95,1,8.5,0
13901.0,247,1,1561.09,1
13904.0,302,1,131.52,1
13908.0,96,3,1461.61,0
13911.0,127,3,867.47,0
13914.0,274,1,321.07,1
13917.0,338,1,65.38,1
13919.0,30,2,384.81,0
13924.0,120,2,474.73,0
13925.0,63,3,298.13,0
13928.0,121,1,131.22,0
13931.0,215,2,1237.53,1
13938.0,243,1,71.66,1
13939.0,342,1,184.5,1
13940.0,183,1,225.24,0
13941.0,31,2,2123.16,0
13947.0,214,1,90.6,1
13949.0,151,3,1359.04,0
13950.0,159,1,179.30999999999997,0
13952.0,188,1,1208.31,0
13953.0,68,2,911.32,0
13954.0,120,1,212.51,0
13955.0,125,2,322.96,0
13956.0,67,2,325.85,0
13959.0,282,2,337.44,1
13962.0,128,1,117.6,0
13963.0,252,3,548.86,1
13969.0,30,9,4013.25,0
13971.0,30,2,703.36,0
13975.0,121,5,2309.48,0
13980.0,61,1,200.14,0
13982.0,454,1,428.6,1
13983.0,0,7,1279.38,0
13984.0,216,3,689.38,1
13985.0,0,8,3181.1,0
13989.0,214,1,369.41,1
13990.0,66,1,311.3,0
13992.0,90,1,76.8,0
13993.0,31,2,845.3,0
13994.0,181,2,885.21,0
13995.0,128,1,310.45,0
13999.0,29,5,1586.57,0
14000.0,5,1,635.66,0
14001.0,697,1,301.24,1
14002.0,186,1,224.79,0
14004.0,246,2,957.0,1
14005.0,127,1,187.16,0
14006.0,6,1,357.65,0
14012.0,160,1,328.8,0
14013.0,98,1,118.5,0
14016.0,337,1,976.58,1
14019.0,304,1,416.24,1
14020.0,1,1,331.14,0
14021.0,5,2,433.0,0
14023.0,281,2,584.07,1
14024.0,63,2,327.7,0
14027.0,61,1,104.82,0
14029.0,153,1,302.46,0
14030.0,31,7,1816.81,0
14031.0,192,8,7549.67,0
14032.0,6,5,1202.68,0
14034.0,217,2,473.91,1
14035.0,29,1,300.32,0
14037.0,424,1,111.8,1
14039.0,182,1,152.2,0
14040.0,9,5,2096.92,0
14044.0,283,1,170.44,1
14045.0,192,3,1251.75,0
14047.0,162,3,647.37,0
14048.0,161,1,409.93,0
14049.0,247,1,226.93,1
14050.0,121,1,260.38,0
14051.0,30,10,6933.570000000001,0
14053.0,155,2,260.25,0
14054.0,214,1,92.46,1
14056.0,35,11,3955.78,0
14057.0,31,5,1160.15,0
14060.0,70,6,1970.12,0
14062.0,92,2,1965.5,0
14064.0,5,3,704.12,0
14067.0,153,2,374.7,0
14071.0,121,3,305.86,0
14073.0,152,1,151.04,0
14075.0,212,1,316.78,1
14076.0,305,1,118.67,1
14077.0,65,2,227.9,0
14078.0,66,3,491.46,0
14079.0,155,1,375.1,0
14080.0,152,1,45.6,0
14081.0,69,2,921.62,0
14082.0,424,1,182.25,1
14083.0,37,5,795.77,0
14085.0,98,6,1336.21,0
14087.0,151,1,191.47,0
14088.0,277,4,12777.66,1
14092.0,275,4,1013.25,1
14096.0,60,6,19798.67,0
14098.0,274,1,147.35,1
14099.0,32,4,1206.43,0
14102.0,242,2,450.4,1
14104.0,125,1,104.95,0
14107.0,245,3,1288.15,1
14108.0,90,1,306.58,0
14110.0,1,6,2853.15,0
14111.0,6,2,142.5,0
14112.0,98,2,1365.42,0
14113.0,181,1,471.9,0
14114.0,37,1,191.4,0
14116.0,63,4,1169.82,0
14121.0,30,3,2251.67,0
14125.0,29,1,1091.28,0
14126.0,301,1,62.5,1
14127.0,93,2,572.11,0
14128.0,61,1,331.96,0
14129.0,120,3,519.91,0
14132.0,3,7,2261.71,0
14133.0,305,2,287.64,1
14135.0,39,10,3307.25,0
14138.0,120,2,965.88,0
14140.0,121,2,935.05,0
14141.0,30,2,425.8200000000001,0
14142.0,697,1,311.81,1
14145.0,186,3,2851.2,0
14146.0,332,1,1225.16,1
14149.0,280,1,446.62,1
14150.0,243,1,352.46000000000004,1
14156.0,0,24,37193.4,2
14159.0,215,3,1218.24,1
14161.0,127,3,1097.62,0
14163.0,64,1,909.6,0
14165.0,98,1,120.44,0
14167.0,9,1,148.35,0
14171.0,304,1,363.79,1
14173.0,249,1,114.04,1
14174.0,182,1,134.46,0
14175.0,30,1,2016.31,0
14176.0,516,1,159.55,1
14177.0,215,2,191.33,1
14178.0,29,5,1241.91,0
14180.0,60,11,2091.27,0
14184.0,244,1,452.89,1
14185.0,9,1,197.65,0
14188.0,90,4,1426.76,0
14189.0,60,6,1974.68,0
14191.0,63,5,1584.07,0
14193.0,275,1,430.85,1
14194.0,30,4,1602.2,0
14195.0,340,1,828.4,1
14199.0,219,1,185.4,1
14201.0,61,3,355.12,0
14204.0,151,1,150.61,0
14208.0,184,1,151.74,0
14209.0,39,3,1017.23,0
14210.0,253,2,668.61,1
14211.0,245,1,220.04,1
14212.0,31,1,1070.48,0
14214.0,90,3,765.4,0
14215.0,187,2,342.16,0
14216.0,181,3,1046.36,0
14217.0,39,9,973.69,0
14219.0,212,1,89.94,1
14220.0,189,1,319.42,0
14221.0,253,3,1102.8,1
14223.0,123,2,686.23,0
14224.0,127,1,247.77,0
14226.0,29,2,337.02000000000004,0
14227.0,128,1,304.33000000000004,0
14229.0,70,1,456.97,0
14231.0,95,1,307.76,0
14232.0,187,1,310.79,0
14233.0,5,2,858.25,0
14234.0,90,1,209.48,0
14235.0,217,2,1538.31,1
14236.0,666,1,189.3,1
14237.0,697,1,161.0,1
14239.0,159,5,1161.3,0
14240.0,90,1,663.49,0
14241.0,95,1,213.7,0
14243.0,128,5,1184.56,0
14245.0,249,1,688.35,1
14246.0,128,1,449.64,0
14247.0,190,1,136.76999999999998,0
14250.0,31,3,1904.05,0
14251.0,120,1,482.28,0
14256.0,424,1,523.86,1
14257.0,124,4,2479.58,0
14258.0,31,5,7609.18,0
14262.0,60,3,1124.36,0
14264.0,125,2,333.97,0
14270.0,9,1,492.65,0
14273.0,36,2,218.7,0
14276.0,4,2,778.54,0
14277.0,35,1,1629.03,0
14282.0,121,4,1178.4,0
14284.0,90,1,343.15,0
14285.0,302,1,300.6,1
14286.0,36,1,2050.08,0
14287.0,332,1,93.35,1
14288.0,66,1,426.6,0
14289.0,6,2,225.78,0
14290.0,275,1,728.5,1
14291.0,32,5,2478.31,0
14292.0,1,4,1430.06,0
14293.0,161,3,815.1700000000001,0
14297.0,61,2,710.1,0
14298.0,90,10,16044.25,2
14299.0,0,4,1647.72,0
14304.0,339,1,383.45,1
14307.0,1,4,1895.36,0
14309.0,29,5,1446.41,0
14311.0,36,1,310.26,0
14312.0,37,5,1047.19,0
14315.0,125,3,652.35,0
14317.0,183,1,508.58,0
14320.0,39,1,352.51,0
14321.0,70,1,326.82,0
14326.0,36,1,183.85,0
14329.0,37,1,578.02,0
14331.0,155,1,79.0,0
14332.0,244,1,440.2,1
14333.0,275,1,415.2,1
14334.0,68,3,1017.01,0
14335.0,245,1,347.5,1
14336.0,129,2,764.45,0
14338.0,337,1,8.25,1
14339.0,36,1,309.52,0
14340.0,219,1,134.7,1
14341.0,127,3,688.81,0
14342.0,121,1,91.04,0
14344.0,98,4,604.13,0
14345.0,333,1,108.98,1
14346.0,32,1,759.14,0
14350.0,68,1,282.93,0
14352.0,37,3,464.94000000000005,0
14353.0,127,1,90.6,0
14354.0,90,2,163.62,0
14355.0,454,1,174.4,1
14360.0,121,4,2118.03,0
14364.0,5,3,1763.8,0
14367.0,33,9,4785.9,0
14375.0,157,1,235.56,0
14377.0,338,1,302.45,1
14383.0,183,2,1005.6,0
14387.0,152,1,797.86,0
14388.0,63,6,2281.92,0
14389.0,214,2,1043.46,1
14390.0,5,3,1097.16,0
14393.0,219,1,67.95,1
14395.0,61,6,2135.23,0
14396.0,214,2,487.99,1
14397.0,4,8,1405.1,0
14401.0,65,5,1718.14,0
14403.0,188,3,1180.01,0
14404.0,182,2,256.03,0
14406.0,2,1,156.75,0
14407.0,129,1,357.18,0
14408.0,184,3,1451.64,0
14409.0,93,3,519.6,0
14410.0,123,4,354.22,0
14411.0,311,1,1063.0,1
14413.0,363,1,121.05,1
14414.0,92,2,359.9,0
14415.0,65,7,3268.22,0
14418.0,181,1,897.35,0
14419.0,61,4,607.24,0
14420.0,335,1,387.52,1
14421.0,5,1,455.18,0
14422.0,89,1,382.01,0
14423.0,219,1,265.2,1
14426.0,129,3,1719.33,0
14427.0,153,1,321.74,0
14428.0,274,2,689.94,1
14431.0,69,1,470.36,0
14432.0,31,3,665.7,0
14434.0,61,3,552.0,0
14436.0,304,1,89.06,1
14437.0,454,1,63.0,1
14438.0,191,1,131.9,0
14440.0,332,2,1273.95,1
14441.0,89,2,646.26,0
14443.0,311,2,608.4,1
14446.0,29,3,638.83,0
14447.0,251,1,265.0,1
14448.0,424,1,102.35,1
14449.0,159,3,698.47,0
14450.0,4,2,322.22,0
14451.0,61,1,283.9,0
14452.0,154,1,127.37,0
14453.0,307,1,119.93,1
14456.0,31,3,1426.9,0
14457.0,311,1,113.64,1
14459.0,156,1,1837.92,0
14460.0,311,1,30.0,1
14462.0,32,7,1432.22,0
14463.0,304,1,220.2,1
14465.0,69,3,1038.44,0
14466.0,60,5,1832.45,0
14472.0,64,3,616.79,0
14473.0,310,1,85.0,1
14475.0,130,2,622.17,0
14477.0,126,1,358.0,0
14479.0,454,1,174.4,1
14482.0,90,3,781.9300000000001,0
14483.0,282,1,137.1,1
14485.0,333,1,162.8,1
14487.0,31,2,524.47,0
14488.0,275,1,1064.28,1
14491.0,666,1,127.2,1
14493.0,90,3,1602.54,0
14495.0,63,1,40.6,0
14496.0,342,2,538.8100000000001,1
14497.0,283,1,475.37,1
14498.0,187,1,147.02,0
14499.0,190,1,122.87,0
14500.0,1,2,305.85,0
14501.0,95,1,184.28,0
14502.0,182,3,932.48,0
14503.0,181,2,770.87,0
14504.0,67,2,408.15,0
14505.0,66,4,2951.57,0
14506.0,244,3,1219.88,1
14507.0,127,3,615.31,0
14508.0,31,1,137.56,0
14511.0,123,3,875.33,0
14512.0,218,1,148.95999999999998,1
14514.0,9,2,842.34,0
14515.0,219,3,1323.87,1
14517.0,182,1,78.0,0
14518.0,183,1,174.37,0
14520.0,120,1,105.6,0
14522.0,123,1,482.07,0
14524.0,121,2,306.5,0
14525.0,32,2,1405.78,0
14527.0,1,19,3456.48,2
14528.0,302,1,364.22,1
14529.0,61,1,240.47,0
14530.0,154,3,1399.21,0
14533.0,31,4,1062.08,0
14534.0,2,10,2402.92,0
14535.0,61,3,2854.84,0
14538.0,183,1,281.75,0
14540.0,283,1,195.9,1
14541.0,0,3,319.1,0
14542.0,157,1,103.25,0
14543.0,29,8,1603.08,0
14546.0,220,2,1057.12,1
14547.0,181,3,953.4,0
14548.0,3,1,326.4,0
14549.0,342,1,289.24,1
14552.0,33,1,164.22,0
14553.0,182,4,717.79,0
14555.0,69,1,186.34,0
14560.0,60,10,1027.95,0
14561.0,126,1,222.07,0
14562.0,60,8,1931.81,0
14565.0,215,1,538.8000000000001,1
14567.0,336,1,800.76,1
14569.0,120,1,227.39,0
14570.0,251,2,218.06,1
14572.0,181,1,135.05,0
14573.0,35,4,1003.42,0
14576.0,666,1,35.400000000000006,1
14577.0,363,1,346.90000000000003,1
14578.0,181,1,168.63,0
14583.0,157,2,384.87,0
14584.0,95,1,344.81,0
14586.0,129,1,237.36,0
14587.0,9,7,1279.42,0
14589.0,638,1,39.75,1
14591.0,66,1,204.02,0
14592.0,183,2,424.0,0
14594.0,301,2,363.33,1
14595.0,91,1,141.75,0
14597.0,338,1,165.1,1
14600.0,161,1,393.33,0
14603.0,68,1,660.0,0
14606.0,5,38,5022.05,2
14607.0,274,1,1000.0,1
14608.0,60,3,1198.2,0
14616.0,36,1,158.4,0
14618.0,192,1,211.8,0
14619.0,128,1,394.44,0
14620.0,341,1,235.35,1
14621.0,90,4,1482.66,0
14622.0,126,1,320.58000000000004,0
14623.0,152,2,367.52,0
14624.0,30,1,210.25,0
14626.0,93,2,1595.3,0
14628.0,36,2,671.96,0
14629.0,212,1,352.08,1
14636.0,274,1,309.66,1
14639.0,32,2,754.1,0
14640.0,30,2,802.3100000000001,0
14642.0,0,1,96.12,0
14644.0,275,1,643.26,1
14645.0,98,2,597.09,0
14646.0,2,28,87617.39,3
14649.0,35,3,1089.53,0
14651.0,5,2,653.75,0
14653.0,120,4,1229.72,0
14655.0,332,2,1173.47,1
14656.0,341,1,133.11,1
14657.0,156,2,222.86,0
14658.0,242,1,124.01,1
14659.0,188,4,840.8199999999999,0
14662.0,29,2,489.12,0
14664.0,182,1,387.39,0
14665.0,31,3,1498.44,0
14667.0,68,13,4797.29,0
14669.0,6,3,1259.24,0
14670.0,251,2,392.86,1
14672.0,162,1,285.28000000000003,0
14673.0,181,3,1044.94,0
14676.0,121,2,933.6,0
14680.0,63,7,13441.85,0
14681.0,5,1,393.95,0
14682.0,218,1,31.200000000000003,1
14684.0,127,2,493.44,0
14688.0,3,10,3197.45,0
14690.0,33,1,212.56,0
14691.0,35,3,1619.94,0
14696.0,2,5,1465.45,0
14697.0,219,2,188.61,1
14698.0,120,1,152.18,0
14699.0,96,1,109.13,0
14700.0,152,2,1473.55,0
14701.0,189,2,527.64,0
14702.0,100,9,1654.06,0
14704.0,4,1,100.75,0
14708.0,125,3,1126.37,0
14709.0,90,7,2611.89,0
14710.0,30,1,172.91,0
14711.0,92,4,956.37,0
14712.0,60,1,495.6,0
14713.0,60,7,1904.74,0
14715.0,9,2,485.25,0
14719.0,61,3,929.76,0
14720.0,31,3,663.81,0
14723.0,274,3,413.19,1
14727.0,68,1,268.58,0
14729.0,697,1,313.49,1
14730.0,120,4,1276.31,0
14731.0,35,1,127.66,0
14732.0,1,7,2367.39,0
14733.0,39,3,3901.83,0
14735.0,181,3,767.29,0
14737.0,181,2,730.55,0
14738.0,5,3,630.33,0
14739.0,184,6,3392.32,0
14740.0,341,1,521.1,1
14741.0,666,1,184.5,1
14744.0,30,2,308.75,0
14745.0,126,1,341.07,0
14747.0,250,1,328.2,1
14748.0,35,5,1415.75,0
14755.0,100,1,488.46,0
14759.0,212,1,755.12,1
14761.0,0,2,255.9,0
14765.0,60,1,158.61,0
14766.0,66,3,960.07,0
14768.0,246,1,133.20000000000002,1
14769.0,151,1,341.97,0
14775.0,0,2,717.0,0
14776.0,219,1,214.56,1
14778.0,246,2,730.86,1
14779.0,251,1,38.0,1
14788.0,301,1,310.99,1
14789.0,29,1,197.64,0
14790.0,2,2,428.62,0
14792.0,153,1,6.2,0
14794.0,90,3,531.11,0
14796.0,33,7,3497.9700000000003,0
14798.0,311,1,75.68,1
14800.0,30,7,2757.24,0
14801.0,91,1,189.34,0
14803.0,98,1,188.64,0
14804.0,332,1,353.27,1
14808.0,64,2,443.06,0
14810.0,100,3,461.09,0
14813.0,577,2,152.88,1
14815.0,274,2,778.5,1
14817.0,160,1,580.79,0
14819.0,183,1,187.35,0
14820.0,182,1,139.1,0
14821.0,485,1,48.8,1
14823.0,4,1,110.78,0
14824.0,92,2,497.41,0
14825.0,31,6,976.08,0
14828.0,162,1,582.0,0
14829.0,60,3,549.1899999999999,0
14834.0,0,2,529.55,0
14836.0,29,2,79.05,0
14837.0,31,1,303.94,0
14841.0,30,2,1169.69,0
14842.0,215,3,1901.52,0
14844.0,6,3,2521.01,0
14849.0,2,15,4256.8,0
14850.0,342,1,325.75,1
14852.0,0,3,1692.88,0
14853.0,5,1,214.5,0
14854.0,68,2,655.36,0
14855.0,2,1,339.3,0
14856.0,274,2,308.11,1
14857.0,30,1,650.6,0
14863.0,60,1,266.76,0
14865.0,301,2,52.2,1
14866.0,30,4,6181.32,0
14867.0,157,3,710.28,0
14868.0,32,5,1806.42,0
14869.0,332,1,334.39,1
14871.0,181,1,165.98000000000002,0
14878.0,4,2,254.01,0
14880.0,157,1,218.47,0
14882.0,182,1,247.9,0
14883.0,5,1,310.56,0
14886.0,340,1,364.8,1
14889.0,162,1,135.9,0
14891.0,218,1,449.38,1
14895.0,60,10,4899.95,0
14896.0,454,1,257.22,1
14897.0,1,2,789.96,0
14898.0,69,2,266.85,0
14901.0,1,5,784.01,0
14903.0,155,3,1712.15,0
14904.0,151,1,628.48,0
14905.0,217,1,307.6,1
14907.0,29,4,2187.35,0
14910.0,121,2,212.44,0
14911.0,0,75,59112.81,2
14912.0,159,1,482.79,0
14913.0,37,3,926.56,0
14915.0,92,2,307.48,0
14916.0,154,1,266.48,0
14918.0,125,1,765.4200000000001,0
14920.0,35,2,977.77,0
14921.0,90,1,413.06,0
14924.0,128,1,310.05,0
14929.0,152,1,223.88,0
14930.0,68,1,1104.13,0
14931.0,212,1,198.4,1
14932.0,454,1,363.53,1
14934.0,310,1,828.84,1
14936.0,98,6,4640.5,0
14937.0,336,1,759.56,1
14944.0,60,7,2711.94,0
14947.0,336,1,178.5,1
14948.0,249,2,360.76,1
14952.0,1,5,3717.92,0
14958.0,128,2,376.33,0
14959.0,127,2,401.82,0
14960.0,332,1,132.97,1
14961.0,92,3,2087.12,0
14963.0,95,2,590.78,0
14964.0,189,1,206.21,0
14965.0,245,2,596.09,1
14968.0,90,1,147.59,0
14970.0,303,2,917.06,1
14971.0,243,2,491.37,1
14972.0,277,1,114.77,1
14974.0,302,1,89.94,1
14976.0,68,1,115.57,0
14981.0,159,1,102.12,0
14984.0,4,1,102.23,0
14987.0,454,1,163.2,1
14988.0,5,1,334.54,0
14995.0,251,2,231.98,1
14997.0,1,1,278.4,0
14998.0,6,1,183.64,0
15002.0,223,2,893.15,1
15005.0,100,11,2411.22,0
15007.0,278,1,156.91,1
15010.0,243,1,308.94,1
15012.0,697,1,188.56,1
15017.0,182,1,125.58,0
15018.0,333,3,496.21,1
15021.0,186,4,920.41,0
15023.0,129,5,3318.25,0
15024.0,29,6,1072.12,0
15025.0,182,1,361.96,0
15026.0,160,1,108.98,0
15027.0,90,2,411.9,0
15028.0,332,2,300.67,1
15031.0,90,3,542.23,0
15032.0,485,2,2770.6,1
15033.0,124,3,374.49,0
15034.0,29,3,1643.96,0
15035.0,31,1,252.73,0
15038.0,0,6,685.74,0
15039.0,70,20,8469.61,2
15043.0,121,1,537.0,0
15044.0,6,6,2570.19,0
15045.0,33,1,346.76,0
15046.0,69,7,2561.25,0
15048.0,214,3,313.77,1
15049.0,37,1,121.17000000000002,0
15051.0,3,1,377.74,0
15053.0,186,3,693.95,0
15057.0,98,1,358.5,0
15058.0,67,4,764.19,0
15059.0,100,2,381.89,0
15060.0,332,1,16.61,1
15061.0,5,28,31902.3,2
15062.0,188,1,353.06,0
15063.0,66,1,370.8,0
15065.0,302,1,299.38,1
15067.0,310,1,848.05,1
15070.0,666,1,106.2,1
15071.0,98,2,982.07,0
15073.0,157,2,861.96,0
15078.0,93,11,3272.2200000000003,0
15079.0,35,3,528.32,0
15081.0,214,2,191.45,1
15087.0,282,1,306.94,1
15088.0,275,1,864.19,1
15089.0,184,2,1580.61,0
15090.0,252,1,381.32,1
15091.0,275,1,480.71,1
15092.0,127,2,457.81,0
15093.0,223,2,1844.13,1
15097.0,212,1,248.08,1
15098.0,65,3,39916.5,2
15100.0,70,3,876.0,0
15101.0,332,1,215.25,1
15103.0,121,1,411.68,0
15104.0,310,1,374.64,1
15105.0,275,1,541.03,1
15106.0,5,2,637.38,0
15107.0,39,4,243.5,0
15108.0,187,2,432.05,0
15109.0,128,1,484.95,0
15110.0,216,1,206.9,1
15111.0,60,3,1567.48,0
15114.0,38,6,1860.49,0
15117.0,32,2,675.73,0
15119.0,128,1,266.4,0
15123.0,301,1,1129.84,1
15124.0,338,1,90.75,1
15125.0,61,2,375.0,0
15127.0,214,1,406.53,1
15128.0,61,3,1096.6,0
15129.0,216,2,509.7,1
15133.0,38,2,657.72,0
15134.0,66,3,505.27,0
15136.0,151,3,839.8,0
15139.0,162,1,122.1,0
15144.0,0,6,3023.9,0
15145.0,212,2,580.59,1
15150.0,152,5,2052.51,0
15152.0,61,5,2079.93,0
15153.0,121,1,329.25,0
15156.0,120,3,961.49,0
15157.0,125,2,850.61,0
15159.0,31,14,6671.65,0
15164.0,253,2,629.79,1
15165.0,697,1,487.75,1
15171.0,9,1,1289.5,0
15172.0,332,1,376.1,1
15179.0,340,1,102.0,1
15180.0,516,1,87.5,1
15181.0,244,1,254.48,1
15182.0,125,1,252.37,0
15184.0,60,2,402.2,0
15187.0,35,8,2001.52,0
15189.0,6,18,6206.29,2
15192.0,2,3,1044.32,0
15193.0,61,1,499.32,0
15194.0,121,8,4224.03,0
15195.0,151,1,3861.0,0
15197.0,340,1,216.75,1
15198.0,123,2,193.64,0
15199.0,30,3,964.65,0
15201.0,189,3,632.47,0
15203.0,342,1,211.94,1
15205.0,246,1,476.3,1
15206.0,98,2,201.3,0
15208.0,120,3,546.6,0
15211.0,61,2,894.4100000000001,0
15212.0,6,1,101.8,0
15214.0,36,5,1068.19,0
15215.0,245,1,300.04,1
15218.0,188,1,647.75,0
15220.0,251,1,316.11,1
15221.0,485,1,403.25,1
15223.0,250,1,300.85,1
15224.0,363,1,11.6,1
15226.0,311,1,154.41,1
15227.0,127,3,594.33,0
15228.0,244,2,2133.26,1
15234.0,129,1,197.0,0
15235.0,159,7,1121.97,0
15237.0,120,1,83.6,0
15238.0,60,3,1071.99,0
15240.0,6,3,1045.38,0
15241.0,95,5,1119.71,0
15244.0,214,2,631.57,1
15245.0,218,1,486.24,1
15247.0,93,1,356.0,0
15249.0,2,7,3636.29,0
15251.0,3,4,6339.32,0
15252.0,95,2,740.78,0
15253.0,1,2,466.75,0
15254.0,246,1,300.36,1
15255.0,244,1,890.85,1
15257.0,341,1,317.15,1
15258.0,188,1,315.66,0
15260.0,187,3,808.38,0
15264.0,183,1,393.74,0
15265.0,33,1,793.88,0
15266.0,223,1,119.3,1
15267.0,0,3,1527.76,0
15270.0,38,3,1013.5,0
15271.0,4,8,1328.66,0
15274.0,212,1,332.58000000000004,1
15275.0,302,1,615.14,1
15276.0,244,1,128.63,1
15281.0,0,3,1025.19,0
15288.0,156,2,548.01,0
15289.0,60,2,617.25,0
15290.0,121,7,3202.81,0
15291.0,4,10,3157.42,0
15296.0,35,2,878.26,0
15297.0,60,2,380.26,0
15298.0,123,5,2145.34,0
15299.0,275,5,3307.01,1
15300.0,183,1,496.44,0
15301.0,218,3,1345.28,1
15304.0,61,4,391.5,0
15306.0,123,2,829.73,0
15307.0,215,1,205.3,1
15308.0,68,1,310.47,0
15311.0,0,41,32280.63,2
15312.0,127,1,318.16,0
15315.0,183,1,336.96,0
15318.0,181,1,312.62,0
15319.0,341,1,204.5,1
15326.0,70,1,311.71,0
15330.0,61,2,714.96,0
15332.0,485,4,1661.06,1
15334.0,186,1,127.53,0
15339.0,244,1,316.17,1
15342.0,305,1,406.09,1
15344.0,89,2,255.25,0
15346.0,39,1,252.42,0
15347.0,485,1,201.6,1
15349.0,218,2,463.91,1
15350.0,697,1,115.65,1
15351.0,30,4,770.36,0
15353.0,516,1,311.65,1
15355.0,60,1,150.8,0
15356.0,121,5,1226.44,0
15358.0,1,11,5004.54,0
15363.0,666,1,326.0,1
15364.0,215,1,581.39,1
15365.0,245,1,752.6700000000001,1
15367.0,98,2,1416.18,0
15370.0,30,2,217.2,0
15373.0,332,2,679.83,1
15374.0,277,1,168.0,1
15376.0,339,1,642.37,1
15379.0,98,3,1341.37,0
15380.0,332,2,615.4000000000001,1
15381.0,66,1,314.55,0
15382.0,126,2,539.1,0
15386.0,187,1,394.14,0
15392.0,1,3,1196.55,0
15393.0,282,1,124.1,1
15399.0,120,1,266.64,0
15400.0,123,4,649.0,0
15405.0,279,1,349.1,1
15406.0,38,2,510.71,0
15407.0,95,4,1046.74,0
15410.0,305,2,727.48,1
15411.0,65,2,382.21,0
15414.0,36,2,421.5,0
15416.0,156,3,3085.13,0
15421.0,0,4,950.36,0
15423.0,333,1,43.5,1
15426.0,182,3,714.6,0
15427.0,182,2,1071.05,0
15433.0,66,1,160.66,0
15434.0,121,2,454.2000000000001,0
15442.0,220,1,594.0,1
15443.0,120,1,375.38,0
15449.0,157,1,301.78,0
15450.0,90,1,429.84,0
15452.0,60,1,125.4,0
15453.0,120,4,899.79,0
15454.0,363,1,179.1,1
15456.0,341,2,203.37,1
15462.0,184,2,169.8,0
15463.0,60,1,126.14,0
15464.0,223,1,1044.65,1
15465.0,4,7,2168.66,0
15467.0,64,1,288.42,0
15469.0,32,1,304.3,0
15471.0,151,1,454.48,0
15473.0,0,6,1363.2,0
15482.0,274,2,2629.4,1
15483.0,337,3,114.31,1
15484.0,120,1,674.25,0
15485.0,90,3,2564.5,0
15488.0,123,1,91.32,0
15489.0,5,1,348.26,0
15491.0,215,2,921.63,1
15492.0,29,1,171.72,0
15493.0,152,3,1071.0,0
15494.0,63,1,1119.88,0
15498.0,5,12,6030.88,0
15500.0,332,1,266.26,1
15502.0,31,10,9736.98,0
15503.0,363,1,141.04,1
15505.0,156,2,1446.18,0
15508.0,249,4,481.8,1
15511.0,333,1,229.8,1
15512.0,156,1,19.8,0
15513.0,5,10,7650.21,0
15514.0,182,6,2385.17,0
15518.0,39,6,1677.71,0
15520.0,120,1,343.5,0
15521.0,35,5,1401.89,0
15522.0,152,1,138.94,0
15525.0,151,2,540.61,0
15526.0,182,2,148.44,0
15527.0,31,4,1485.64,0
15529.0,98,5,1316.15,0
15530.0,159,1,548.09,0
15531.0,90,2,1972.39,0
15533.0,31,1,449.66,0
15539.0,301,1,538.46,1
15544.0,2,6,2535.27,0
15545.0,638,1,135.32999999999998,1
15547.0,31,5,2482.17,0
15549.0,217,1,689.58,1
15550.0,38,2,280.25,0
15551.0,274,1,436.06,1
15552.0,188,1,90.12,0
15553.0,61,1,428.93,0
15554.0,160,1,217.2,0
15555.0,0,8,2535.63,0
15557.0,29,1,468.91,0
15561.0,127,1,265.75,0
15568.0,151,1,335.77,0
15569.0,39,1,288.5,0
15570.0,69,5,1962.26,0
15571.0,182,1,196.43,0
15572.0,190,4,1068.52,0
15573.0,121,1,187.1,0
15574.0,666,1,349.04,1
15576.0,302,1,921.37,1
15577.0,33,3,258.88,0
15579.0,303,1,132.25,1
15581.0,32,6,3390.01,0
15582.0,280,1,303.61,1
15587.0,31,1,344.88,0
15589.0,311,1,184.95,1
15594.0,90,2,702.86,0
15596.0,96,3,1014.54,0
15597.0,243,1,324.57,1
15601.0,31,5,2417.3,0
15602.0,29,4,458.43,0
15605.0,31,4,1015.48,0
15606.0,2,4,1384.68,0
15607.0,162,1,104.76,0
15608.0,29,4,1093.68,0
15609.0,126,1,298.48,0
15611.0,100,3,304.6,0
15612.0,91,2,195.15,0
15615.0,35,9,4307.32,0
15618.0,123,3,554.02,0
15620.0,280,1,450.52,1
15621.0,212,2,248.07,1
15622.0,310,1,576.0,1
15625.0,336,1,301.14,1
15628.0,65,6,1872.98,0
15632.0,63,4,1745.52,0
15636.0,31,2,724.76,0
15640.0,39,7,5592.73,0
15641.0,310,1,453.79,1
15643.0,310,3,664.0,1
15646.0,159,3,447.64,0
15649.0,162,2,816.0,0
15651.0,274,2,418.98,1
15652.0,92,1,337.74,0
15653.0,123,1,829.4399999999999,0
15655.0,67,1,560.67,0
15656.0,280,1,63.91,1
15658.0,283,3,583.9000000000001,1
15660.0,341,2,364.3,1
15661.0,223,1,116.0,1
15665.0,67,1,1456.42,0
15668.0,188,1,76.32000000000001,0
15671.0,36,3,1315.72,0
15673.0,1,3,1845.97,0
15674.0,66,3,1024.54,0
15675.0,156,2,225.39,0
15676.0,243,2,3267.84,1
15679.0,65,3,734.66,0
15680.0,485,1,478.89,1
15681.0,29,4,1183.02,0
15687.0,187,4,1469.42,0
15689.0,2,1,150.6,0
15690.0,212,1,128.76,1
15691.0,340,1,136.8,1
15692.0,29,1,191.04,0
15694.0,60,8,4404.57,0
15696.0,182,3,1236.75,0
15701.0,151,2,564.03,0
15704.0,127,2,1507.32,0
15706.0,153,2,181.8,0
15707.0,183,2,480.87,0
15708.0,100,3,1167.41,0
15709.0,341,1,133.25,1
15712.0,95,1,158.85,0
15713.0,485,1,171.15,1
15716.0,577,1,529.4,1
15719.0,152,10,3869.4,0
15722.0,218,3,1233.01,1
15723.0,424,1,190.7,1
15727.0,9,2,1339.2,0
15729.0,35,1,85.0,0
15730.0,123,2,653.45,0
15732.0,35,2,294.12,0
15733.0,310,1,162.3,1
15737.0,36,4,712.73,0
15738.0,95,5,1549.43,0
15739.0,244,1,449.12,1
15743.0,126,2,451.61,0
15745.0,182,1,309.53000000000003,0
15747.0,32,1,282.72,0
15749.0,39,2,22998.4,0
15750.0,151,5,1271.36,0
15752.0,154,4,1523.2,0
15753.0,130,1,79.2,0
15754.0,159,1,91.8,0
15755.0,1,1,330.92,0
15756.0,64,4,528.01,0
15757.0,188,2,714.42,0
15759.0,219,1,68.0,1
15762.0,214,1,268.44,1
15763.0,121,1,564.4300000000001,0
15764.0,1,4,1697.87,0
15766.0,183,1,315.06,0
15769.0,90,10,21802.68,2
15773.0,242,1,635.6800000000001,1
15774.0,303,1,270.8,1
15775.0,128,1,104.9,0
15777.0,6,1,293.96,0
15780.0,36,2,298.13,0
15781.0,161,1,83.35,0
15782.0,31,1,1638.34,0
15785.0,152,3,998.57,0
15787.0,91,1,479.1,0
15796.0,69,4,1315.22,0
15797.0,96,2,1825.2,0
15799.0,100,2,481.24,0
15800.0,159,1,244.5,0
15801.0,61,1,869.98,0
15804.0,89,4,1392.63,0
15805.0,121,6,1053.61,0
15806.0,129,2,521.88,0
15808.0,191,3,2422.87,0
15809.0,69,3,331.26,0
15811.0,454,1,289.85,1
15812.0,33,2,822.48,0
15814.0,274,1,456.24,1
15815.0,35,3,1192.98,0
15819.0,129,1,639.64,0
15821.0,91,1,254.18,0
15822.0,181,1,445.27,0
15823.0,666,1,15.0,1
15827.0,95,8,874.96,0
15829.0,335,1,310.7,1
15830.0,302,1,576.0,1
15831.0,0,2,484.7,0
15834.0,160,2,1272.77,0
15837.0,183,1,391.98,0
15838.0,63,9,23307.78,2
15839.0,182,1,258.13,0
15840.0,0,1,113.82,0
15841.0,219,2,613.26,1
15843.0,99,1,118.95000000000002,0
15845.0,192,2,643.84,0
15847.0,333,1,208.59,1
15852.0,187,1,57.5,0
15854.0,212,3,432.18,0
15855.0,95,1,132.18,0
15856.0,33,14,9364.13,2
15858.0,30,2,654.15,0
15860.0,155,4,622.16,0
15862.0,332,2,527.38,1
15864.0,244,2,1064.14,1
15865.0,1,2,603.85,0
15867.0,36,5,1154.28,0
15869.0,160,2,149.64,0
15870.0,152,1,351.44,0
15874.0,128,3,3480.1800000000003,0
15877.0,120,1,251.02,0
15880.0,577,1,329.03000000000003,1
15881.0,424,1,114.45000000000002,1
15882.0,546,2,371.3200000000001,1
15883.0,151,2,396.48,0
15885.0,123,3,379.35,0
15886.0,61,1,181.09,0
15889.0,186,2,420.07,0
15894.0,577,1,151.44,1
15898.0,120,3,902.53,0
15899.0,546,1,56.25,1
15901.0,125,1,110.49,0
15903.0,29,1,1405.2,0
15904.0,332,1,164.68,1
15906.0,249,2,862.32,1
15907.0,181,1,405.13,0
15910.0,89,4,553.4,0
15916.0,90,5,859.72,0
15917.0,189,1,123.1,0
15918.0,307,1,192.23,1
15919.0,546,1,214.08,1
15920.0,125,4,167.5,0
15922.0,697,1,369.5,1
15923.0,666,1,127.08,1
15930.0,275,1,426.63,1
15932.0,1,4,1226.1,0
15935.0,6,1,308.82,0
15937.0,183,1,145.35,0
15938.0,220,1,105.0,1
15939.0,4,6,3563.13,0
15940.0,342,1,35.8,1
15944.0,129,1,325.1,0
15945.0,454,1,181.0,1
15948.0,332,1,311.0,1
15950.0,121,1,418.29,0
15951.0,332,1,333.05,1
15952.0,182,3,549.26,0
15953.0,5,5,1075.73,0
15955.0,30,7,2062.49,0
15957.0,121,1,428.89,0
15965.0,29,3,658.32,0
15969.0,151,2,443.7,0
15970.0,99,1,314.1,0
15971.0,1,6,1680.95,0
15973.0,485,1,307.82000000000005,1
15974.0,5,4,1633.49,0
15976.0,280,1,209.99,1
15980.0,1,2,1638.68,0
15981.0,6,2,790.8,0
15983.0,454,2,813.65,1
15984.0,151,5,1188.11,0
15985.0,124,1,242.84,0
15986.0,90,1,168.12,0
15987.0,32,3,525.8900000000001,0
15992.0,181,1,41.99,0
15993.0,182,3,669.71,0
15996.0,1,2,416.07,0
15998.0,274,2,1439.65,1
16000.0,151,3,12393.7,0
16003.0,60,2,941.47,0
16005.0,65,1,120.49,0
16006.0,5,1,101.4,0
16007.0,4,3,1477.71,0
16009.0,152,2,524.35,0
16010.0,128,3,392.4,0
16011.0,2,9,2193.56,0
16012.0,156,3,1415.29,0
16013.0,2,26,19403.16,2
16014.0,64,2,393.2000000000001,0
16015.0,181,1,203.1,0
16016.0,181,3,784.11,0
16018.0,4,1,161.9,0
16019.0,162,2,723.35,0
16020.0,214,1,518.8,1
16025.0,60,1,439.66,0
16027.0,69,3,595.87,0
16029.0,30,33,48851.67,2
16030.0,283,1,331.24,1
16031.0,123,2,547.9,0
16033.0,5,9,4315.11,0
16034.0,39,1,153.6,0
16037.0,130,1,303.00000000000006,0
16038.0,301,1,78.45,1
16040.0,214,1,437.37,1
16041.0,90,1,426.6,0
16042.0,39,1,24.95,0
16043.0,5,3,466.14,0
16045.0,2,2,406.85,0
16048.0,697,2,256.44,1
16053.0,93,2,1511.95,0
16055.0,280,1,134.8,1
16057.0,5,5,860.25,0
16059.0,214,2,223.55,1
16062.0,6,2,578.18,0
16065.0,454,1,367.14,1
16066.0,91,3,1070.99,0
16070.0,152,1,686.85,0
16076.0,30,5,1192.3,0
16078.0,341,1,79.2,1
16080.0,68,1,130.26,0
16081.0,157,2,581.84,0
16085.0,0,1,120.33,0
16086.0,30,3,711.59,0
16091.0,125,1,157.81,0
16094.0,60,3,761.3,0
16098.0,157,4,1132.79,0
16102.0,277,2,1392.84,1
16103.0,187,3,638.44,0
16104.0,91,1,298.21,0
16105.0,220,1,336.96,1
16106.0,214,1,108.38,1
16107.0,29,3,1353.74,0
16109.0,219,2,611.88,1
16110.0,342,1,404.0,1
16112.0,70,3,159.18,0
16113.0,95,1,161.38,0
16115.0,4,2,312.21,0
16116.0,5,1,612.78,0
16117.0,279,1,232.21,1
16119.0,332,1,113.88,1
16120.0,30,4,1309.14,0
16121.0,127,1,285.94,0
16122.0,39,2,249.84,0
16125.0,516,1,289.35,1
16126.0,60,2,3533.7200000000003,0
16128.0,274,2,666.82,1
16133.0,29,14,5523.83,0
16136.0,30,2,566.04,0
16140.0,214,2,725.18,1
16141.0,1,1,620.4,0
16142.0,250,1,535.34,1
16143.0,35,4,1594.15,0
16144.0,159,1,175.2,0
16145.0,3,5,1686.04,0
16146.0,217,1,75.0,1
16149.0,212,1,116.84,1
16150.0,1,3,1177.47,0
16153.0,157,2,485.09,0
16156.0,33,4,1004.05,0
16159.0,282,1,348.2,1
16160.0,214,1,223.5,1
16161.0,30,6,1570.72,0
16162.0,340,1,37.4,1
16163.0,454,1,441.6,1
16168.0,3,12,2104.78,0
16169.0,60,2,918.17,0
16170.0,95,2,635.31,0
16171.0,30,1,73.2,0
16172.0,6,4,788.24,0
16173.0,92,3,747.7,0
16174.0,33,2,626.35,0
16175.0,184,1,300.7,0
16179.0,61,1,215.83,0
16180.0,246,2,2730.88,1
16182.0,336,1,2327.0,1
16183.0,275,1,338.71000000000004,1
16184.0,5,3,620.88,0
16186.0,5,7,2402.92,0
16187.0,121,4,1533.56,0
16188.0,36,1,151.65,0
16191.0,38,4,1606.84,0
16200.0,212,1,518.3,1
16201.0,181,1,509.4,0
16203.0,0,2,385.3,0
16205.0,90,3,645.28,0
16206.0,155,1,121.11,0
16209.0,1,4,926.42,0
16210.0,66,11,15447.19,2
16211.0,1,1,547.02,0
16212.0,341,1,498.15,1
16214.0,340,1,206.7,1
16217.0,310,1,183.0,1
16218.0,60,2,920.5,0
16221.0,98,3,860.86,0
16224.0,250,1,167.47,1
16225.0,160,2,416.61,0
16229.0,35,1,358.2,0
16230.0,279,2,542.03,1
16232.0,127,2,366.47,0
16233.0,485,1,147.39999999999998,1
16235.0,39,2,429.5,0
16239.0,279,1,347.9,1
16241.0,0,9,1437.69,0
16242.0,96,5,2591.9700000000003,0
16243.0,182,1,194.15,0
16244.0,5,2,1522.75,0
16245.0,63,1,315.72,0
16248.0,91,1,152.94,0
16250.0,697,1,226.14,1
16253.0,244,1,1983.46,1
16255.0,159,5,1446.71,0
16258.0,246,2,1787.26,1
16261.0,159,1,252.52,0
16265.0,130,4,2394.36,0
16271.0,151,2,314.42,0
16274.0,697,1,351.75,1
16282.0,253,1,168.3,1
16283.0,32,4,1293.0,0
16284.0,121,1,422.43,0
16292.0,63,1,302.25,0
16293.0,92,3,703.34,0
16295.0,0,2,692.3,0
16298.0,187,1,114.3,0
16302.0,216,1,233.22,1
16303.0,70,1,827.1800000000001,0
16306.0,38,4,616.35,0
16308.0,188,2,1600.0,0
16313.0,181,1,106.53,0
16316.0,98,5,1586.77,0
16317.0,2,2,770.89,0
16318.0,243,1,328.15,1
16319.0,188,1,404.4,0
16320.0,66,1,852.68,0
16321.0,161,2,135.9,0
16322.0,120,2,326.75,0
16324.0,277,2,253.22,1
16325.0,128,2,416.02,0
16326.0,91,7,1691.0,0
16327.0,577,1,535.6,1
16332.0,29,5,984.01,0
16333.0,124,14,20637.36,2
16337.0,274,1,151.05,1
16338.0,217,1,214.8,1
16344.0,247,1,101.1,1
16347.0,274,1,436.79,1
16348.0,152,4,708.8,0
16350.0,70,2,812.17,0
16351.0,39,1,153.9,0
16352.0,302,1,204.92,1
16353.0,9,12,3404.21,0
16354.0,153,1,29.700000000000003,0
16356.0,160,1,102.0,0
16357.0,66,2,538.83,0
16358.0,120,3,1355.1,0
16359.0,9,8,1520.35,0
16360.0,1,4,2485.56,0
16362.0,30,5,709.99,0
16365.0,3,5,619.22,0
16367.0,302,2,800.67,1
16368.0,29,2,479.91,0
16370.0,65,1,271.04,0
16372.0,182,2,355.73,0
16374.0,244,1,312.53000000000003,1
16376.0,332,1,112.76,1
16378.0,189,2,220.1,0
16379.0,212,2,1225.44,1
16380.0,91,1,1743.15,0
16384.0,31,1,175.4,0
16385.0,61,3,554.86,0
16386.0,29,1,241.47,0
16389.0,341,1,119.65,1
16393.0,127,7,1573.03,0
16394.0,220,1,306.89,1
16395.0,61,1,212.8,0
16398.0,125,1,535.85,0
16400.0,184,1,303.93,0
16401.0,120,2,789.8299999999999,0
16402.0,577,1,205.65,1
16405.0,69,2,167.25,0
16407.0,36,1,60.0,0
16409.0,3,3,1370.66,0
16411.0,577,1,128.55,1
16414.0,251,1,50.8,1
16418.0,123,1,222.45,0
16419.0,98,3,629.02,0
16422.0,30,20,14663.57,2
16424.0,338,1,133.56,1
16425.0,69,1,302.7,0
16426.0,123,8,1442.28,0
16431.0,66,1,288.68,0
16432.0,183,1,287.4,0
16433.0,29,1,184.26,0
16434.0,60,3,598.15,0
16438.0,242,2,264.72,1
16440.0,60,4,2537.31,0
16441.0,275,1,170.2,1
16442.0,120,1,176.87,0
16444.0,215,1,301.32,1
16445.0,182,1,230.51,0
16446.0,89,1,168469.6,3
16449.0,251,1,416.69,1
16454.0,183,1,5.9,0
16455.0,153,4,1088.7,0
16456.0,191,3,1694.09,0
16457.0,219,1,208.36,1
16458.0,1,8,1587.22,0
16460.0,29,1,302.62,0
16462.0,157,2,68.0,0
16466.0,4,2,440.63,0
16469.0,159,2,268.3,0
16471.0,68,1,223.95,0
16473.0,162,1,149.41,0
16474.0,31,4,778.3000000000001,0
16475.0,1,2,395.0,0
16477.0,68,4,1311.65,0
16478.0,183,2,235.9,0
16484.0,307,1,285.7,1
16488.0,182,1,144.23000000000002,0
16495.0,129,3,648.26,0
16496.0,332,1,414.48,1
16497.0,70,1,279.3,0
16498.0,337,1,9.75,1
16499.0,424,1,218.1,1
16500.0,212,3,138.06,0
16503.0,96,1,251.6,0
16505.0,121,1,777.6,0
16510.0,666,1,248.1,1
16513.0,212,2,211.8,1
16515.0,3,4,1247.36,0
16516.0,90,1,101.7,0
16517.0,160,1,162.7,0
16518.0,91,1,293.62,0
16519.0,454,1,103.7,1
16520.0,187,2,749.41,0
16523.0,31,8,3469.85,0
16525.0,9,15,7795.37,2
16528.0,181,1,244.41,0
16529.0,307,1,455.25,1
16531.0,246,2,422.91,1
16532.0,223,1,1910.4,1
16533.0,303,1,364.22,1
16535.0,242,1,593.75,1
16539.0,151,3,1083.91,0
16546.0,666,1,299.40000000000003,1
16549.0,31,5,1815.19,0
16550.0,157,2,942.08,0
16551.0,162,3,922.12,0
16552.0,36,2,379.73,0
16553.0,68,3,1182.5,0
16554.0,9,2,314.11,0
16555.0,243,1,133.91,1
16556.0,128,2,1075.49,0
16558.0,37,9,3085.38,0
16561.0,30,2,511.12,0
16565.0,424,1,173.7,1
16567.0,162,1,557.5600000000001,0
16569.0,181,1,124.2,0
16570.0,152,3,1185.4,0
16571.0,282,1,436.68,1
16572.0,33,3,1009.6,0
16581.0,65,1,105.84,0
16583.0,697,1,233.45,1
16586.0,220,1,463.95,1
16589.0,337,1,117.68,1
16591.0,303,1,213.5,1
16592.0,90,6,1919.63,0
16593.0,279,1,185.9,1
16595.0,91,1,360.16,0
16596.0,485,1,120.65,1
16597.0,212,1,90.04,1
16600.0,212,2,366.18,1
16602.0,274,1,528.08,1
16603.0,92,1,296.62,0
16607.0,0,5,842.48,0
16609.0,3,3,1439.47,0
16610.0,249,1,75.66,1
16611.0,187,1,129.49,0
16612.0,2,4,1187.66,0
16614.0,65,1,506.19,0
16616.0,217,1,210.1,1
16618.0,121,1,1206.3,0
16620.0,181,1,83.2,0
16621.0,127,2,490.7,0
16623.0,128,1,129.45,0
16625.0,68,1,333.08,0
16626.0,89,6,1618.74,0
16628.0,60,2,920.47,0
16629.0,245,1,227.68,1
16633.0,4,1,255.8,0
16634.0,339,2,217.9,1
16637.0,61,3,850.85,0
16638.0,160,3,387.18,0
16639.0,121,1,786.36,0
16642.0,212,1,380.6,1
16643.0,128,1,487.51,0
16644.0,35,1,722.41,0
16652.0,0,4,5277.22,0
16654.0,218,2,262.8,1
16655.0,9,3,1844.38,0
16656.0,3,7,3587.44,0
16658.0,546,1,123.24,1
16659.0,279,1,39.12,1
16665.0,363,1,135.39999999999998,1
16667.0,303,1,366.78,1
16668.0,65,2,145.98,0
16670.0,39,4,2022.86,0
16671.0,29,2,309.39,0
16672.0,6,9,3865.0,0
16674.0,304,1,115.1,1
16676.0,66,3,1262.88,0
16678.0,2,7,2076.85,0
16679.0,485,1,129.75,1
16682.0,123,4,921.08,0
16684.0,212,7,36992.9,2
16685.0,91,2,324.24,0
16686.0,161,2,738.0699999999999,0
16688.0,61,2,329.45,0
16693.0,303,1,324.45,1
16696.0,66,2,440.1,0
16697.0,6,1,112.75,0
16700.0,3,6,2121.41,0
16701.0,9,6,2646.31,0
16705.0,6,5,5733.45,0
16706.0,302,2,239.82,1
16709.0,128,2,1270.43,0
16710.0,66,3,817.79,0
16711.0,69,2,680.2,0
16712.0,35,5,1494.16,0
16713.0,6,5,2222.09,0
16714.0,219,1,15.0,1
16716.0,342,1,734.4000000000001,1
16717.0,152,3,1033.91,0
16718.0,577,1,606.0500000000001,1
16719.0,223,2,583.18,1
16722.0,95,6,2137.76,0
16723.0,92,1,165.0,0
16725.0,69,4,443.57,0
16727.0,424,1,256.32,1
16729.0,6,9,3040.51,0
16732.0,121,1,603.75,0
16735.0,100,3,1503.59,0
16743.0,5,5,1416.11,0
16744.0,182,2,271.4,0
16745.0,2,10,4010.88,0
16746.0,2,5,2164.87,0
16747.0,275,2,836.06,1
16748.0,100,4,1249.2,0
16750.0,63,1,98.38,0
16751.0,90,1,1764.72,0
16752.0,666,1,207.5,1
16753.0,0,1,223.92,0
16754.0,666,1,2002.4,1
16756.0,96,1,239.4,0
16758.0,214,1,369.34,1
16759.0,90,3,789.79,0
16761.0,245,1,316.62,1
16764.0,121,5,1225.23,0
16766.0,37,2,1145.6,0
16767.0,65,7,2158.58,0
16770.0,666,1,130.8,1
16771.0,98,4,1796.05,0
16774.0,275,1,119.32,1
16775.0,93,3,453.23,0
16776.0,61,1,371.54,0
16778.0,68,1,93.18,0
16779.0,9,12,5376.71,0
16781.0,666,1,311.25,1
16782.0,160,4,769.6500000000001,0
16788.0,124,1,299.92,0
16789.0,332,1,80.8,1
16790.0,29,5,1454.17,0
16791.0,39,6,1553.88,0
16792.0,310,2,110.38,1
16794.0,4,3,442.22,0
16795.0,454,1,414.88,1
16796.0,31,1,305.62,0
16801.0,37,1,751.9,0
16803.0,214,1,332.3,1
16806.0,280,1,169.13,1
16807.0,127,1,280.6,0
16808.0,68,2,288.42,0
16809.0,91,1,149.68,0
16811.0,212,1,232.3,1
16813.0,245,3,376.57,1
16814.0,6,7,1944.07,0
16817.0,37,7,1474.85,0
16818.0,95,4,1165.56,0
16820.0,215,1,497.61,1
16825.0,157,2,775.1800000000001,0
16828.0,154,1,15.0,0
16829.0,186,1,197.22,0
16830.0,333,1,325.91,1
16832.0,126,2,121.4,0
16833.0,100,2,744.72,0
16835.0,277,2,180.85,1
16837.0,30,6,2219.68,0
16839.0,1,16,8470.8,2
16841.0,66,3,934.56,0
16842.0,69,2,866.95,0
16843.0,6,5,2841.88,0
16849.0,187,1,124.57,0
16850.0,70,1,332.41,0
16851.0,212,1,102.99,1
16858.0,546,1,375.69000000000005,1
16861.0,30,2,173.76,0
16863.0,121,2,502.8,0
16866.0,64,2,153.95,0
16871.0,31,1,329.44,0
16872.0,126,1,388.36,0
16873.0,91,5,6576.74,0
16875.0,253,2,1326.13,1
16877.0,64,1,111.23,0
16880.0,64,5,1340.25,0
16881.0,244,1,432.0,1
16882.0,244,1,489.42,1
16883.0,218,2,272.48,1
16884.0,302,2,429.84,1
16887.0,243,1,192.33,1
16889.0,67,2,1228.61,0
16891.0,120,4,566.12,0
16892.0,60,4,369.04,0
16893.0,485,1,145.93,1
16895.0,183,1,202.27,0
16898.0,546,1,112.08,1
16899.0,31,2,379.18,0
16900.0,153,1,752.6800000000001,0
16903.0,60,1,363.2,0
16904.0,60,7,1570.81,0
16905.0,242,2,589.1,1
16906.0,187,2,293.99,0
16907.0,60,2,449.69,0
16910.0,92,3,433.3,0
16912.0,29,4,1017.0,0
16914.0,274,1,183.76,1
16915.0,220,3,340.49,1
16916.0,666,1,196.43,1
16917.0,129,1,391.52,0
16918.0,153,4,755.24,0
16919.0,6,5,1010.08,0
16921.0,91,1,154.18,0
16923.0,64,9,4035.95,0
16924.0,183,1,252.54,0
16926.0,638,1,230.25,1
16927.0,129,1,123.35,0
16928.0,32,8,1074.39,0
16929.0,156,4,740.6,0
16930.0,303,2,205.45,1
16931.0,67,7,1383.65,0
16933.0,120,1,338.5,0
16938.0,4,3,2701.9300000000003,0
16942.0,182,5,1006.39,0
16943.0,5,1,172.1,0
16945.0,0,9,1939.8,0
16949.0,157,3,773.58,0
16950.0,155,2,778.41,0
16951.0,130,1,1053.79,0
16953.0,90,1,20.8,0
16954.0,61,4,910.2,0
16955.0,126,4,518.67,0
16957.0,282,1,114.84,1
16960.0,61,3,507.05,0
16963.0,218,1,110.55,1
16966.0,332,1,385.8,1
16967.0,279,1,319.02,1
16968.0,212,1,186.12,1
16969.0,338,1,397.36,1
16971.0,333,1,357.21,1
16979.0,60,2,534.38,0
16982.0,61,1,384.06,0
16983.0,4,3,726.5,0
16984.0,1,2,4459.52,0
16985.0,1,4,1977.98,0
16986.0,60,2,1873.2,0
16987.0,181,1,223.68,0
16988.0,242,1,126.12,1
16989.0,3,4,1029.3,0
16990.0,219,1,179.0,1
16992.0,274,2,728.71,1
16996.0,63,3,1087.02,0
16997.0,283,1,78.0,1
16998.0,130,1,90.0,0
17001.0,89,4,1376.78,0
17002.0,127,1,480.46,0
17004.0,123,1,905.6,0
17006.0,121,2,355.91,0
17007.0,96,2,250.66,0
17011.0,90,1,270.9,0
17014.0,152,3,583.4300000000001,0
17015.0,29,2,793.13,0
17017.0,151,5,2164.22,0
17019.0,546,1,358.82,1
17022.0,121,1,71.0,0
17024.0,217,2,56.25,1
17025.0,61,3,357.77,0
17026.0,157,2,154.82999999999998,0
17027.0,341,1,13.2,1
17030.0,153,1,146.87,0
17031.0,125,1,225.95,0
17033.0,96,1,300.29999999999995,0
17035.0,128,2,433.53,0
17038.0,90,1,112.4,0
17042.0,63,4,814.4,0
17043.0,152,1,641.36,0
17045.0,186,2,148.35,0
17046.0,217,1,642.02,1
17048.0,9,2,760.4,0
17049.0,96,5,2672.37,0
17050.0,190,4,2524.7,0
17052.0,29,1,399.09,0
17053.0,336,1,498.48,1
17054.0,29,2,463.08,0
17059.0,60,2,1565.65,0
17061.0,219,1,484.12000000000006,1
17062.0,454,2,289.39,1
17064.0,0,2,711.5,0
17068.0,183,6,1139.8,0
17069.0,29,5,1826.93,0
17071.0,1,5,1587.35,0
17076.0,37,3,841.0799999999999,0
17078.0,274,2,378.2,1
17082.0,182,1,1366.91,0
17083.0,99,1,691.36,0
17084.0,243,2,2747.99,1
17085.0,124,3,1040.99,0
17086.0,90,4,1482.51,0
17088.0,29,2,622.5600000000001,0
17090.0,1,3,1023.2,0
17091.0,121,7,2727.49,0
17092.0,160,2,629.32,0
17095.0,100,1,313.15,0
17096.0,0,1,263.61,0
17097.0,151,2,318.87,0
17101.0,60,1,471.0,0
17105.0,191,2,665.78,0
17107.0,156,4,6209.12,0
17109.0,60,3,307.53,0
17114.0,100,4,469.97,0
17115.0,65,2,527.48,0
17119.0,30,2,606.91,0
17122.0,2,1,138.32,0
17123.0,337,1,345.29999999999995,1
17124.0,157,1,294.24,0
17126.0,64,4,689.73,0
17128.0,100,1,157.09,0
17131.0,182,2,1180.73,0
17133.0,159,3,2194.9700000000003,0
17135.0,302,3,400.0,1
17138.0,98,1,380.5,0
17139.0,1,5,4587.38,0
17140.0,189,1,454.12,0
17144.0,120,1,388.68,0
17147.0,342,1,409.5,1
17157.0,301,1,157.54000000000002,1
17158.0,152,1,568.42,0
17160.0,6,3,1599.98,0
17162.0,29,9,1417.08,0
17164.0,33,6,1721.51,0
17166.0,333,1,78.75,1
17169.0,95,1,308.68,0
17173.0,0,3,1239.16,0
17174.0,188,1,59.9,0
17175.0,4,1,302.62,0
17180.0,6,2,307.36,0
17181.0,697,1,155.52,1
17183.0,152,2,1343.84,0
17186.0,61,1,72.0,0
17188.0,60,3,1252.38,0
17190.0,0,1,249.74,0
17191.0,29,7,2093.68,0
17193.0,0,3,190.96,0
17194.0,37,1,10.0,0
17197.0,60,1,1013.01,0
17198.0,454,2,521.66,1
17203.0,61,4,2260.81,0
17204.0,6,1,461.25,0
17211.0,4,3,808.47,0
17213.0,485,1,312.90000000000003,1
17214.0,61,3,488.07,0
17218.0,31,6,1086.14,0
17219.0,121,1,114.23,0
17220.0,186,6,1142.75,0
17221.0,274,2,334.48,1
17222.0,214,1,328.65,1
17223.0,311,2,416.89,1
17226.0,252,1,393.49,1
17227.0,61,2,249.36,0
17228.0,153,4,911.64,0
17229.0,245,1,161.05,1
17230.0,311,1,675.0,1
17231.0,127,4,1341.39,0
17232.0,151,1,209.73,0
17233.0,243,1,190.88,1
17234.0,65,1,149.89,0
17235.0,666,1,341.9,1
17236.0,36,2,244.73,0
17238.0,29,8,1955.9,0
17242.0,4,1,709.44,0
17243.0,29,13,4289.41,0
17248.0,32,1,318.65,0
17250.0,181,1,219.32,0
17251.0,363,1,269.83,1
17252.0,187,1,337.01,0
17254.0,212,1,102.13,1
17259.0,546,1,367.95,1
17262.0,485,1,268.86,1
17265.0,4,1,377.84,0
17266.0,151,2,183.52,0
17267.0,246,2,317.2,1
17268.0,3,3,311.48,0
17274.0,243,1,107.82,1
17278.0,6,1,246.04,0
17282.0,336,1,687.0,1
17284.0,32,3,1147.52,0
17287.0,340,3,367.94,1
17288.0,340,1,127.3,1
17289.0,4,3,931.02,0
17290.0,181,1,164.18,0
17291.0,252,1,550.8000000000001,1
17293.0,0,7,1257.58,0
17295.0,29,3,547.0,0
17298.0,155,1,107.64,0
17299.0,31,1,297.36,0
17302.0,93,3,876.8100000000001,0
17306.0,129,5,2361.3,0
17309.0,215,1,82.75,1
17312.0,156,2,399.5,0
17313.0,121,1,2328.84,0
17314.0,0,3,1348.75,0
17315.0,5,14,2397.43,0
17317.0,31,1,2027.94,0
17320.0,546,1,450.92,1
17321.0,275,2,657.16,1
17323.0,91,3,412.71,0
17324.0,9,2,702.23,0
17325.0,251,1,96.8,1
17330.0,275,1,264.9,1
17331.0,124,1,175.2,0
17334.0,69,2,307.02,0
17337.0,5,4,1981.06,0
17338.0,9,2,1367.08,0
17339.0,184,2,243.36,0
17340.0,32,6,9190.58,0
17341.0,186,3,682.29,0
17345.0,154,1,155.8,0
17346.0,0,5,842.57,0
17348.0,29,2,318.38,0
17350.0,332,2,394.98,1
17351.0,37,2,358.45,0
17353.0,125,2,1740.0,0
17356.0,342,1,178.22,1
17358.0,99,1,119.15,0
17360.0,126,1,320.9,0
17361.0,187,1,218.92,0
17362.0,283,1,150.0,1
17364.0,9,6,2645.79,0
17365.0,39,2,742.66,0
17368.0,152,3,750.87,0
17370.0,123,1,117.36,0
17372.0,61,4,665.95,0
17374.0,219,2,495.77,1
17376.0,342,1,105.85,1
17377.0,31,10,2168.39,0
17381.0,2,22,17101.25,2
17382.0,214,1,65.4,1
17383.0,212,1,193.39,1
17384.0,249,1,227.65,1
17386.0,301,3,1145.02,1
17387.0,182,1,309.14,0
17388.0,5,1,381.6,0
17389.0,9,16,20486.0,2
17392.0,191,1,145.5,0
17394.0,249,1,203.87,1
17396.0,275,2,2431.5,1
17400.0,216,1,791.22,1
17402.0,90,5,1285.95,0
17403.0,274,1,263.92,1
17404.0,5,6,6435.38,0
17405.0,3,2,541.71,0
17406.0,70,3,2184.42,0
17409.0,126,2,771.85,0
17410.0,0,4,978.38,0
17412.0,30,4,685.46,0
17414.0,126,1,598.0,0
17416.0,60,2,3129.32,0
17419.0,129,6,1844.81,0
17420.0,697,1,130.85,1
17422.0,4,3,1084.65,0
17423.0,188,1,449.42,0
17425.0,61,1,688.97,0
17426.0,92,4,2951.91,0
17428.0,6,16,8641.94,2
17429.0,157,3,524.9200000000001,0
17430.0,152,2,265.76,0
17432.0,302,1,175.89,1
17433.0,1,1,303.16,0
17434.0,151,2,635.08,0
17436.0,120,1,93.9,0
17440.0,186,3,186.42,0
17442.0,63,4,1553.55,0
17443.0,249,1,534.24,1
17444.0,33,1,1217.64,0
17446.0,311,1,68.10000000000001,1
17449.0,151,3,937.24,0
17450.0,3,11,35824.22,2
17451.0,120,1,294.18,0
17453.0,183,1,341.99999999999994,0
17456.0,454,1,249.86,1
17457.0,216,4,1370.5,0
17459.0,61,1,300.39,0
17460.0,184,3,230.15,0
17461.0,60,1,382.56,0
17462.0,61,1,212.28,0
17464.0,247,1,289.96000000000004,1
17469.0,217,1,440.71,1
17470.0,188,4,816.47,0
17472.0,338,1,259.27,1
17481.0,154,3,838.03,0
17483.0,95,2,294.40000000000003,0
17489.0,0,2,376.64,0
17490.0,89,4,1077.82,0
17491.0,120,5,1723.93,0
17492.0,220,1,374.57,1
17495.0,301,2,497.56,1
17500.0,60,1,288.0,0
17501.0,280,2,288.6,1
17502.0,60,1,226.6,0
17503.0,151,2,558.96,0
17504.0,188,1,251.75,0
17505.0,337,1,658.85,1
17507.0,283,1,340.56,1
17508.0,251,1,387.31,1
17509.0,61,7,5200.5,0
17511.0,6,15,49108.16,2
17512.0,29,5,1635.27,0
17514.0,277,1,208.65,1
17515.0,121,1,67.65,0
17516.0,2,2,281.02,0
17517.0,252,1,153.94,1
17519.0,546,1,335.3,1
17521.0,60,2,563.65,0
17522.0,95,3,845.02,0
17526.0,212,2,549.9,1
17527.0,219,1,292.11,1
17528.0,0,3,1041.13,0
17530.0,120,2,515.67,0
17531.0,307,1,296.7,1
17535.0,251,1,164.4,1
17537.0,60,2,887.67,0
17550.0,67,1,156.22,0
17552.0,61,3,315.02,0
17553.0,305,1,1487.6,1
17554.0,30,3,925.9,0
17555.0,100,1,195.45,0
17560.0,156,3,531.0,0
17562.0,63,2,235.3,0
17566.0,332,1,474.95,1
17567.0,123,4,2061.73,0
17569.0,39,1,344.14,0
17571.0,160,1,75.6,0
17572.0,335,2,114.6,1
17573.0,60,2,373.1,0
17574.0,36,1,185.65,0
17576.0,3,9,1942.01,0
17578.0,219,1,143.45999999999998,1
17579.0,212,1,178.04,1
17580.0,340,1,47.7,1
17581.0,66,17,5998.92,2
17584.0,246,2,1242.3,1
17585.0,223,1,417.81,1
17589.0,33,3,1813.4,0
17590.0,151,1,320.93,0
17591.0,93,2,597.9,0
17593.0,92,2,1663.82,0
17595.0,302,1,155.8,1
17596.0,153,4,1897.57,0
17597.0,66,1,2044.37,0
17602.0,151,2,1231.19,0
17604.0,188,1,173.12,0
17608.0,182,2,191.99,0
17609.0,69,1,107.65,0
17611.0,36,7,1718.43,0
17612.0,96,2,704.36,0
17613.0,161,2,826.5500000000001,0
17615.0,336,2,211.05,1
17616.0,516,1,326.4,1
17618.0,220,3,930.28,1
17620.0,30,1,81.44,0
17623.0,152,1,527.0500000000001,0
17624.0,219,1,400.3,1
17629.0,32,5,1384.03,0
17631.0,120,1,111.83,0
17633.0,32,2,653.23,0
17634.0,35,7,2045.98,0
17637.0,121,1,208.11,0
17639.0,129,1,108.5,0
17642.0,2,1,316.99,0
17643.0,697,1,101.55,1
17644.0,32,4,1077.83,0
17646.0,249,3,1008.39,1
17647.0,214,1,133.06,1
17648.0,61,2,1273.98,0
17651.0,121,4,1661.78,0
17652.0,61,6,2247.65,0
17653.0,32,4,1207.56,0
17654.0,160,1,117.55,0
17655.0,130,2,990.0,0
17656.0,1,2,473.98,0
17658.0,5,1,317.6,0
17659.0,30,4,932.68,0
17663.0,125,2,437.19,0
17664.0,35,1,326.19,0
17666.0,181,2,728.16,0
17667.0,5,4,1127.46,0
17668.0,120,2,347.75,0
17669.0,93,2,844.0,0
17671.0,5,3,1098.55,0
17672.0,283,1,1177.84,1
17673.0,120,3,706.54,0
17674.0,546,1,300.66,1
17675.0,3,14,7928.51,2
17676.0,0,5,1140.2,0
17677.0,29,12,6806.4400000000005,0
17682.0,189,2,757.29,0
17685.0,1,3,2064.93,0
17686.0,32,3,3774.58,0
17690.0,90,10,2836.81,0
17691.0,546,1,142.5,1
17692.0,161,2,228.18,0
17696.0,156,6,1607.81,0
17700.0,66,3,1681.83,0
17701.0,340,1,417.95,1
17702.0,90,1,485.6,0
17703.0,243,1,307.78,1
17705.0,38,5,1042.4,0
17706.0,61,9,3453.82,0
17707.0,157,2,152.4,0
17708.0,218,1,156.48,1
17716.0,60,6,2643.56,0
17719.0,1,6,2266.92,0
17720.0,516,1,102.0,1
17722.0,245,3,1590.6,1
17723.0,96,4,2199.3,0
17725.0,250,1,313.29,1
17728.0,181,2,2530.98,0
17730.0,29,5,2352.36,0
17731.0,95,3,963.74,0
17732.0,666,1,303.97,1
17733.0,333,1,475.24,1
17735.0,125,11,7296.29,0
17737.0,0,1,87.39,0
17738.0,310,1,779.92,1
17739.0,70,3,1111.67,0
17742.0,39,1,302.57,0
17744.0,181,2,1010.94,0
17750.0,242,3,426.02,1
17754.0,89,3,1089.59,0
17757.0,64,14,2281.51,0
17758.0,64,2,965.16,0
17760.0,697,1,172.54,1
17761.0,152,1,712.78,0
17764.0,5,1,230.67,0
17765.0,247,1,109.33,1
17768.0,182,2,1696.0700000000002,0
17769.0,30,3,1421.99,0
17770.0,35,3,967.07,0
17774.0,161,3,830.53,0
17781.0,278,1,86.02,1
17783.0,189,1,112.41,0
17787.0,64,3,1335.28,0
17788.0,305,1,16.7,1
17789.0,282,1,225.9,1
17790.0,3,7,998.29,0
17791.0,60,1,106.1,0
17796.0,100,2,389.0,0
17797.0,65,1,272.41,0
17799.0,36,2,498.42,0
17800.0,37,7,862.3,0
17802.0,4,2,632.4200000000001,0
17809.0,38,8,3049.9100000000003,0
17811.0,1,19,2856.79,2
17812.0,333,2,236.77,1
17813.0,183,2,1186.5,0
17816.0,214,3,31.46,1
17817.0,160,3,387.68,0
17819.0,65,3,1579.57,0
17827.0,36,5,1987.33,0
17828.0,126,1,833.16,0
17830.0,120,1,111.05,0
17831.0,182,1,35.400000000000006,0
17835.0,151,1,114.14,0
17837.0,30,3,540.55,0
17838.0,31,3,1515.26,0
17841.0,0,53,17142.19,2
17843.0,99,1,205.48,0
17848.0,250,3,367.53,1
17849.0,70,3,454.35,0
17850.0,666,34,5391.21,2
17854.0,157,1,199.5,0
17855.0,666,1,208.97,1
17856.0,120,2,758.21,0
17857.0,32,11,14867.68,2
17858.0,2,4,1646.67,0
17859.0,130,1,141.92000000000002,0
17860.0,546,1,226.45,1
17861.0,60,4,1258.37,0
17863.0,30,3,1923.4,0
17864.0,31,2,438.07,0
17865.0,1,5,3406.9700000000003,0
17867.0,90,2,200.39,0
17869.0,127,3,310.96,0
17870.0,92,5,965.12,0
17873.0,126,3,1086.87,0
17874.0,157,1,122.76,0
17880.0,424,1,458.92,1
17881.0,130,1,133.35000000000002,0
17883.0,159,2,300.54,0
17884.0,181,4,695.0699999999999,0
17886.0,121,2,711.51,0
17887.0,305,1,111.35,1
17888.0,30,4,473.32,0
17889.0,35,1,102.02,0
17892.0,156,1,142.1,0
17894.0,245,2,235.67,1
17897.0,516,2,410.67,1
17899.0,278,1,154.55,1
17900.0,307,2,112.2,1
17901.0,60,1,110.38,0
17905.0,186,2,425.34,0
17906.0,189,1,72.9,0
17908.0,697,1,232.03,1
17912.0,311,3,125.8,1
17913.0,0,1,190.6,0
17914.0,181,1,329.36,0
17917.0,363,1,107.16,1
17919.0,1,1,1304.04,0
17920.0,182,6,1784.57,0
17921.0,183,1,224.76,0
17923.0,310,1,207.50000000000003,1
17924.0,38,3,2076.7200000000003,0
17925.0,666,1,244.08,1
17928.0,159,1,78.25999999999999,0
17929.0,252,1,196.2,1
17930.0,183,2,749.88,0
17932.0,5,2,986.07,0
17934.0,0,1,638.45,0
17936.0,242,1,380.13,1
17937.0,121,3,2080.26,0
17939.0,278,1,99.14,1
17940.0,69,6,3537.54,0
17941.0,336,1,304.56,1
17942.0,301,1,77.50000000000001,1
17947.0,302,1,176.68,1
17949.0,3,21,14169.32,2
17950.0,454,2,263.17,1
17951.0,697,1,295.5,1
17954.0,124,6,1132.15,0
17955.0,219,3,394.1,1
17956.0,250,1,12.75,1
17957.0,244,1,111.68,1
17961.0,1,13,299.25,0
17964.0,121,2,463.21,0
17965.0,9,10,1912.71,0
17966.0,33,4,951.43,0
17967.0,638,1,112.27,1
17968.0,697,1,265.1,1
17970.0,5,1,562.79,0
17972.0,6,1,135.19,0
17974.0,249,1,164.07,1
17975.0,153,5,1601.01,0
17976.0,666,1,321.79,1
17977.0,60,1,288.14,0
17978.0,454,1,300.92,1
17979.0,243,1,237.87,1
17987.0,157,1,198.57,0
17988.0,337,1,13.37,1
17994.0,37,3,369.59,0
17995.0,282,1,76.1,1
17997.0,64,4,1266.14,0
17999.0,302,2,380.39,1
18004.0,363,1,157.92,1
18005.0,181,1,94.4,0
18008.0,36,1,162.5,0
18011.0,697,1,102.79,1
18013.0,156,2,187.29,0
18014.0,29,1,162.22,0
18015.0,212,1,120.03,1
18016.0,152,3,690.91,0
18017.0,311,1,165.0,1
18022.0,243,1,612.72,1
18024.0,64,2,389.78,0
18027.0,304,1,115.31,1
18030.0,212,1,109.55,1
18032.0,100,1,73.5,0
18033.0,214,1,93.82,1
18035.0,243,1,235.36,1
18036.0,128,2,259.38,0
18037.0,125,2,40.5,0
18040.0,128,1,239.0,0
18041.0,66,11,1962.82,0
18043.0,485,1,287.91,1
18044.0,212,4,747.37,0
18055.0,277,5,2511.49,1
18059.0,275,1,124.08,1
18061.0,33,5,1213.91,0
18062.0,192,2,485.92,0
18065.0,95,10,1450.76,0
18069.0,1,2,1087.16,0
18071.0,454,1,258.95,1
18072.0,157,1,247.44,0
18073.0,156,4,1470.18,0
18074.0,697,1,489.6,1
18075.0,30,3,635.49,0
18077.0,32,4,1021.21,0
18078.0,188,1,138.19,0
18079.0,216,1,593.35,1
18080.0,36,1,841.4999999999999,0
18081.0,274,1,135.4,1
18085.0,697,1,303.9,1
18086.0,68,1,101.34,0
18087.0,304,1,852.8,1
18088.0,91,1,166.03,0
18092.0,2,6,5253.7,0
18093.0,32,3,1841.92,0
18094.0,219,1,633.0,1
18095.0,39,1,374.75,0
18096.0,153,1,142.71,0
18097.0,216,4,1680.5,0
18099.0,246,1,168.31,1
18102.0,89,29,135953.04,3
18104.0,302,1,754.64,1
18105.0,302,1,113.48000000000002,1
18109.0,4,15,4565.95,0
18113.0,546,1,76.32000000000001,1
18116.0,275,3,500.93,1
18118.0,29,12,2366.25,0
18119.0,516,1,180.7,1
18120.0,96,1,111.15,0
18121.0,125,1,630.05,0
18122.0,3,3,742.02,0
18123.0,121,1,308.48,0
18125.0,60,1,197.85,0
18126.0,61,1,200.92,0
18129.0,67,1,112.55,0
18130.0,29,1,455.91,0
18133.0,35,1,931.5,0
18135.0,60,4,558.26,0
18136.0,5,2,495.34,0
18142.0,127,2,1019.52,0
18144.0,35,5,1202.85,0
18146.0,280,1,76.65,1
18149.0,37,2,549.68,0
18150.0,152,1,153.3,0
18154.0,181,1,178.7,0
18156.0,577,1,186.88,1
18158.0,1,1,343.8,0
18159.0,38,1,530.15,0
18161.0,183,2,630.22,0
18164.0,302,1,399.65,1
18167.0,243,1,390.6,1
18168.0,69,2,447.75,0
18169.0,61,1,202.65,0
18170.0,182,2,629.01,0
18171.0,0,3,787.34,0
18172.0,5,10,3418.6,0
18173.0,68,1,853.48,0
18174.0,301,1,104.0,1
18177.0,121,2,627.77,0
18178.0,249,4,1590.81,1
18179.0,162,2,545.8,0
18180.0,1,3,940.75,0
18183.0,68,1,312.8,0
18185.0,250,1,304.25,1
18196.0,215,1,235.85,1
18198.0,121,7,2158.83,0
18202.0,342,1,485.73,1
18203.0,217,1,160.42000000000002,1
18205.0,274,1,291.6,1
18209.0,29,1,139.10000000000002,0
18210.0,60,2,499.27,0
18211.0,190,1,137.9,0
18215.0,31,1,299.34000000000003,0
18216.0,121,1,481.75,0
18217.0,60,1,303.85,0
18218.0,5,2,641.92,0
18219.0,96,3,680.1800000000001,0
18221.0,5,3,708.81,0
18222.0,123,1,443.0,0
18223.0,190,4,1505.88,0
18225.0,161,3,799.1,0
18226.0,32,5,2251.38,0
18227.0,188,1,93.75,0
18229.0,0,7,2397.74,0
18230.0,60,4,1697.92,0
18232.0,217,1,129.64,1
18235.0,32,2,749.8,0
18236.0,60,4,626.49,0
18237.0,2,4,663.72,0
18239.0,219,2,904.81,1
18241.0,30,5,900.73,0
18242.0,66,1,314.26,0
18245.0,5,3,1395.63,0
18248.0,93,2,804.02,0
18250.0,311,1,349.27,1
18255.0,31,1,103.3,0
18257.0,275,2,532.38,1
18259.0,485,1,376.30000000000007,1
18260.0,100,1,557.07,0
18261.0,215,1,224.8,1
18263.0,156,2,811.4,0
18265.0,247,1,488.55,1
18269.0,485,1,168.6,1
18270.0,333,1,171.20000000000002,1
18272.0,3,3,1761.36,0
18273.0,151,2,153.0,0
18274.0,90,1,175.92,0
18277.0,0,1,110.38,0
18280.0,160,1,180.6,0
18281.0,4,1,80.82,0
18282.0,216,2,178.05,1
18283.0,60,5,561.7,0
18287.0,0,1,1001.32,0
