Customer ID,Recency,Frequency,Monetary
12347.0,95,5,2540.29
12348.0,220,1,367.0
12350.0,311,1,334.4
12352.0,274,3,1296.38
12355.0,96,1,459.4
12356.0,128,1,481.46000000000004
12357.0,182,1,6207.67
12358.0,3,2,1168.06
12359.0,9,3,3495.73
12362.0,30,5,2135.79
12363.0,36,1,299.1
12364.0,301,1,310.32
12367.0,212,1,168.9
12370.0,68,1,938.39
12371.0,30,1,1527.96
12372.0,35,1,515.7
12373.0,342,1,364.6
12375.0,304,1,230.3
12378.0,305,1,4008.62
12380.0,157,1,607.5500000000001
12381.0,0,5,1845.31
12383.0,9,2,750.61
12384.0,29,2,585.27
12386.0,192,2,401.9
12388.0,98,2,334.95000000000005
12393.0,39,2,884.1
12394.0,153,2,1272.48
12395.0,5,7,1762.63
12397.0,243,1,1195.09
12399.0,2,3,820.6
12401.0,99,1,84.3
12406.0,95,1,1621.25
12407.0,186,1,719.06
12408.0,152,2,1396.78
12409.0,65,1,6207.08
12410.0,252,2,693.3299999999999
12413.0,192,2,673.45
12414.0,188,2,319.61
12415.0,70,10,44582.79
12417.0,181,4,1572.48
12420.0,153,1,600.39
12422.0,215,1,147.7
12423.0,89,3,548.92
12427.0,61,2,586.08
12428.0,32,6,6580.52
12429.0,454,1,1281.5
12431.0,2,7,3055.05
12433.0,89,5,9033.92
12436.0,335,1,509.01
12437.0,9,7,2040.81
12441.0,485,1,173.55
12442.0,181,1,172.06
12444.0,0,2,1636.08
12447.0,67,1,476.49
12449.0,92,3,2724.58
12450.0,186,1,96.0
12451.0,214,2,4927.87
12455.0,186,3,477.46000000000004
12457.0,244,1,196.35
12461.0,125,2,826.88
12462.0,99,1,762.11
12463.0,6,1,350.57
12464.0,283,1,213.89999999999998
12468.0,218,1,508.95000000000005
12471.0,151,12,10274.57
12472.0,152,2,1899.38
12473.0,60,3,1716.01
12474.0,3,3,1179.64
12476.0,219,1,311.2
12477.0,38,2,3415.19
12478.0,181,1,680.99
12480.0,29,2,1952.93
12481.0,162,3,2070.23
12483.0,35,4,1185.46
12484.0,152,3,2007.3400000000001
12489.0,162,1,334.93
12490.0,96,4,2463.06
12491.0,333,1,460.40000000000003
12492.0,153,1,136.82
12494.0,337,2,210.82
12500.0,70,3,745.03
12501.0,162,1,2169.39
12502.0,188,4,3021.07
12504.0,90,1,449.4
12507.0,156,1,46.75
12508.0,60,1,274.8
12512.0,244,2,132.18
12516.0,4,1,583.2
12517.0,29,4,2064.4
12518.0,0,3,1207.16
12519.0,153,1,330.84
12520.0,37,1,987.42
12523.0,9,3,398.7
12524.0,70,4,2962.6
12526.0,89,2,797.38
12528.0,129,2,552.64
12530.0,30,3,1244.68
12532.0,90,1,349.83000000000004
12534.0,336,1,1089.18
12535.0,92,2,716.35
12536.0,30,1,4279.71
12538.0,60,1,363.95
12539.0,70,1,1715.85
12540.0,39,8,5047.38
12541.0,60,2,757.44
12544.0,274,1,372.7
12547.0,251,1,159.4
12552.0,333,1,120.0
12553.0,0,4,1356.57
12556.0,33,1,308.75
12557.0,39,3,8183.46
12558.0,301,1,269.96
12559.0,311,1,75.60000000000001
12560.0,242,1,697.7
12561.0,69,1,238.85
12562.0,216,2,1304.3700000000001
12567.0,126,6,4643.61
12569.0,0,18,2534.95
12571.0,63,1,248.35
12572.0,332,1,487.68
12576.0,130,4,1076.6299999999999
12577.0,243,2,430.71
12580.0,159,1,415.7
12583.0,0,9,5093.2699999999995
12584.0,157,4,835.94
12587.0,301,1,144.0
12589.0,29,1,515.1800000000001
12590.0,5,2,9864.26
12592.0,66,2,437.6
12593.0,219,2,321.8
12594.0,63,3,850.83
12596.0,36,1,269.95
12597.0,95,1,912.66
12598.0,29,4,1200.32
12599.0,33,4,636.3
12600.0,29,3,884.02
12601.0,39,3,325.46
12602.0,0,1,153.12
12607.0,61,1,1579.51
12609.0,187,1,512.8
12610.0,216,1,946.75
12614.0,160,1,315.6
12615.0,151,2,1079.8
12616.0,215,1,457.7
12617.0,60,1,352.98
12619.0,182,2,871.84
12621.0,5,5,3424.84
12623.0,129,1,305.1
12625.0,5,1,967.2
12626.0,183,2,2440.39
12627.0,183,3,2441.14
12628.0,182,3,786.46
12633.0,0,2,434.43
12635.0,31,2,1689.18
12637.0,92,4,3615.75
12638.0,182,1,671.69
12643.0,39,5,3094.14
12644.0,305,1,477.91
12645.0,182,2,893.9200000000001
12646.0,212,1,615.28
12647.0,31,7,2260.07
12648.0,125,1,318.05
12649.0,35,1,375.0
12650.0,181,1,314.44
12651.0,100,1,114.0
12652.0,9,1,919.98
12654.0,302,1,171.23000000000002
12659.0,60,1,91.68
12662.0,89,5,1618.21
12664.0,0,4,2294.8
12667.0,0,1,620.13
12669.0,3,2,1607.73
12670.0,60,2,1273.54
12673.0,242,1,389.62
12674.0,92,2,993.8000000000001
12676.0,124,3,800.15
12678.0,218,2,2073.52
12679.0,0,2,906.38
12680.0,31,2,361.83
12681.0,33,7,5368.29
12682.0,2,16,7279.68
12683.0,5,10,4300.7
12684.0,66,3,916.26
12685.0,29,3,2019.54
12686.0,638,1,89.14
12689.0,246,1,511.03
12691.0,0,2,479.5
12693.0,5,2,454.01
12694.0,95,1,439.5
12695.0,244,2,248.2
12697.0,29,1,223.68
12700.0,127,4,4939.99
12701.0,36,1,337.08
12704.0,243,3,1120.85
12705.0,128,2,2319.67
12708.0,60,4,792.87
12709.0,0,6,4051.34
12710.0,245,2,430.06
12712.0,9,8,2680.03
12713.0,89,1,848.55
12716.0,181,1,375.59000000000003
12717.0,33,2,1030.98
12719.0,214,2,644.95
12720.0,3,13,3029.32
12721.0,95,4,2026.6299999999999
12722.0,3,1,302.92
12723.0,181,3,376.69
12724.0,39,2,363.14
12725.0,638,1,427.8
12726.0,29,3,1363.9
12727.0,215,4,1903.54
12728.0,39,1,252.54
12731.0,35,3,2705.2
12735.0,192,1,319.77
12736.0,39,1,234.0
12738.0,666,1,155.35
12739.0,335,1,975.54
12740.0,153,1,427.6
12744.0,220,3,8209.58
12747.0,151,5,2226.18
12748.0,5,106,13826.84
12749.0,66,4,3518.29
12750.0,277,1,275.88
12753.0,99,4,12940.51
12754.0,160,2,61.62
12755.0,251,2,3811.95
12757.0,5,6,3417.37
12758.0,129,1,1570.19
12759.0,98,1,444.8
12762.0,301,1,1436.93
12763.0,577,1,320.08
12766.0,100,3,2554.2000000000003
12772.0,30,1,892.47
12775.0,279,2,634.25
12778.0,95,2,255.93
12779.0,220,5,2298.15
12781.0,153,1,277.48
12782.0,212,1,252.25
12783.0,151,2,622.84
12785.0,424,1,311.95
12787.0,92,1,186.56
12789.0,214,1,91.85
12791.0,697,1,192.60000000000002
12793.0,100,2,545.48
12794.0,304,1,317.0
12797.0,454,1,254.03
12802.0,187,1,427.58
12808.0,126,3,483.65000000000003
12816.0,215,1,253.55
12817.0,282,1,166.04
12820.0,181,1,210.35000000000002
12821.0,96,1,92.72
12823.0,246,1,229.5
12824.0,30,1,397.12
12826.0,60,3,577.1
12827.0,152,2,212.4
12828.0,151,5,907.51
12829.0,162,1,207.25
12830.0,92,3,2258.56
12832.0,152,2,383.03
12834.0,310,1,312.38
12836.0,30,3,2159.23
12838.0,182,2,671.95
12839.0,95,5,2203.66
12840.0,65,2,1296.7
12841.0,4,13,2158.56
12842.0,252,1,310.73
12843.0,66,5,1282.36
12844.0,60,2,325.96000000000004
12849.0,121,1,341.44
12851.0,245,1,131.81
12854.0,6,1,420.46999999999997
12855.0,666,1,38.1
12856.0,29,3,869.71
12857.0,69,1,801.6
12865.0,124,1,981.38
12866.0,341,1,559.12
12867.0,96,2,1123.91
12868.0,9,4,1176.3400000000001
12872.0,454,1,378.53000000000003
12873.0,310,1,374.0
12875.0,363,1,293.76000000000005
12877.0,155,4,376.56
12879.0,92,1,140.5
12881.0,98,1,298.0
12882.0,182,1,471.84000000000003
12883.0,31,1,291.63
12884.0,1,1,309.05
12885.0,124,3,1175.22
12886.0,249,2,1378.4
12888.0,96,1,81.36
12891.0,157,2,289.0
12893.0,90,1,176.55
12897.0,38,1,128.8
12901.0,35,6,1621.92
12910.0,6,2,1286.6200000000001
12912.0,151,2,804.24
12913.0,38,4,1401.49
12915.0,666,1,199.65
12917.0,277,1,594.0
12919.0,3,3,676.82
12921.0,35,20,7377.78
12922.0,337,1,405.38
12923.0,183,1,172.82
12924.0,1,2,508.23
12925.0,212,1,325.74
12928.0,6,2,980.26
12929.0,342,1,117.85
12931.0,32,5,35265.76
12933.0,341,1,110.75
12935.0,151,2,343.78
12939.0,37,4,6397.92
12942.0,454,1,258.75
12944.0,243,1,317.56
12947.0,65,4,950.12
12948.0,30,2,660.6700000000001
12949.0,90,5,3025.07
12950.0,151,2,1531.4
12951.0,220,2,467.48
12952.0,242,1,297.73
12955.0,120,5,2505.06
12956.0,191,1,108.07
12957.0,187,2,1000.2
12962.0,301,1,95.85000000000001
12963.0,332,2,630.45
12965.0,31,1,769.8100000000001
12967.0,638,1,1368.4
12970.0,301,2,381.67
12971.0,9,35,3877.92
12976.0,5,1,738.6
12977.0,186,1,39.239999999999995
12980.0,9,5,4082.94
12981.0,60,1,185.04
12982.0,36,1,390.54
12985.0,29,2,1239.38
12989.0,1,7,2961.31
12990.0,121,3,409.5
12993.0,32,1,197.1
12994.0,32,2,621.82
12997.0,1,1,307.92
12999.0,128,1,320.28000000000003
13000.0,424,1,201.75
13001.0,126,5,3717.6800000000003
13003.0,33,2,89.05000000000001
13004.0,70,7,2364.39
13005.0,159,1,321.65
13011.0,666,1,50.550000000000004
13012.0,66,2,330.12
13013.0,35,10,4000.44
13014.0,152,4,1434.08
13015.0,128,3,979.37
13016.0,124,1,425.25
13017.0,301,1,204.0
13018.0,90,8,2116.4
13021.0,127,3,952.83
13023.0,183,2,689.9
13026.0,98,5,975.36
13027.0,156,2,1536.0
13029.0,90,1,474.29999999999995
13030.0,546,1,402.36
13034.0,577,1,165.86
13037.0,249,1,326.9
13038.0,95,1,196.66
13040.0,182,2,676.99
13043.0,37,1,516.42
13045.0,335,1,305.28000000000003
13046.0,90,1,431.59
13047.0,121,7,1697.41
13049.0,183,1,502.90000000000003
13050.0,63,5,1911.92
13052.0,35,1,348.15000000000003
13055.0,66,1,344.86
13058.0,0,2,137.70000000000002
13059.0,250,1,183.4
13062.0,338,1,346.98
13064.0,1,2,639.03
13065.0,697,1,205.86
13066.0,152,1,151.81
13069.0,2,14,2825.74
13075.0,305,1,919.61
13077.0,120,2,465.55
13078.0,0,10,4629.86
13079.0,92,2,65.7
13081.0,60,6,17893.61
13082.0,216,3,1747.54
13083.0,212,1,111.36
13085.0,217,1,137.98000000000002
13089.0,6,37,27867.5
13090.0,121,6,4099.54
13091.0,29,1,345.82
13092.0,5,2,151.0
13093.0,98,4,3470.34
13094.0,38,8,1134.24
13097.0,93,3,1939.18
13098.0,33,17,19025.14
13099.0,335,1,207.35999999999999
13102.0,39,13,3843.97
13104.0,181,1,339.48
13107.0,70,1,566.84
13108.0,666,1,350.06
13109.0,30,2,786.54
13110.0,121,3,781.88
13113.0,5,11,4756.24
13115.0,0,2,1779.6200000000001
13117.0,63,5,664.71
13122.0,184,1,18.72
13124.0,31,2,2500.01
13126.0,68,5,1126.69
13130.0,184,1,64.0
13131.0,218,1,324.9
13133.0,37,2,109.8
13134.0,95,1,360.04
13136.0,35,1,574.46
13137.0,29,4,1989.17
13138.0,666,1,193.23
13139.0,127,3,1887.38
13140.0,485,1,158.26
13141.0,96,1,360.18
13144.0,39,1,110.95
13145.0,92,3,499.72
13147.0,90,2,356.40000000000003
13148.0,60,5,1693.18
13153.0,242,1,486.22
13155.0,182,2,468.96
13157.0,6,1,300.12
13158.0,2,3,944.65
13159.0,332,1,282.56
13162.0,93,3,1139.86
13166.0,341,1,417.2
13167.0,275,2,416.76
13168.0,274,1,346.53000000000003
13169.0,153,2,712.88
13173.0,212,2,353.65
13174.0,577,1,1369.06
13177.0,183,1,282.45
13178.0,96,3,1465.06
13183.0,100,4,1799.42
13184.0,33,5,813.19
13186.0,154,2,1301.94
13187.0,192,1,236.02
13192.0,215,1,447.62
13193.0,91,1,112.08
13198.0,32,3,1824.44
13199.0,121,13,2863.76
13200.0,216,1,319.32
13203.0,32,2,309.86
13207.0,3,1,197.52000000000004
13208.0,0,4,692.14
13209.0,90,4,2330.79
13210.0,154,1,353.48
13211.0,215,1,673.94
13212.0,91,2,291.47
13213.0,95,2,548.6
13217.0,93,2,137.02
13218.0,246,1,62.63999999999999
13220.0,157,2,643.09
13224.0,33,2,2155.95
13225.0,61,3,3428.0
13226.0,37,1,108.21000000000001
13230.0,60,7,1535.63
13232.0,4,3,461.58
13233.0,162,1,304.24
13235.0,35,1,1031.07
13240.0,245,2,334.11
13242.0,66,2,104.0
13244.0,123,1,121.74000000000001
13248.0,155,2,465.68
13249.0,123,2,419.57000000000005
13253.0,186,2,1030.4
13255.0,697,1,225.7
13259.0,91,1,283.18
13260.0,91,1,557.62
13263.0,5,13,2726.68
13265.0,1,4,1787.3
13266.0,60,5,1601.99
13267.0,9,11,2592.29
13268.0,6,3,837.53
13269.0,1,8,2939.04
13270.0,485,1,590.0
13271.0,302,1,211.49
13272.0,31,2,276.56
13276.0,153,2,590.9300000000001
13280.0,93,2,406.45
13282.0,280,1,344.70000000000005
13283.0,30,2,93.66
13285.0,337,1,796.83
13291.0,156,1,361.11
13292.0,333,1,329.37
13294.0,250,2,873.74
13297.0,275,2,1638.8999999999999
13298.0,120,1,360.0
13301.0,247,2,306.99
13302.0,156,1,63.75
13305.0,37,6,1086.21
13307.0,32,1,15.0
13309.0,1,3,1007.09
13310.0,29,1,314.38
13311.0,3,2,598.57
13313.0,127,3,934.04
13314.0,120,2,276.32
13316.0,302,1,1514.17
13317.0,244,1,959.7
13318.0,120,3,640.76
13319.0,60,15,6712.74
13320.0,66,2,508.61
13323.0,152,3,530.25
13324.0,31,5,4649.83
13327.0,157,4,2084.42
13329.0,121,2,789.0
13330.0,123,2,805.11
13334.0,161,2,2708.59
13338.0,217,1,487.02
13340.0,129,1,3678.03
13344.0,160,3,2511.69
13348.0,183,1,233.76
13351.0,244,1,373.94
13352.0,61,1,397.97999999999996
13355.0,93,1,674.7
13359.0,153,1,439.56
13362.0,128,1,768.83
13365.0,182,2,2225.37
13368.0,192,1,35.400000000000006
13369.0,454,1,308.28000000000003
13370.0,638,1,754.87
13372.0,31,1,378.64
13373.0,61,3,3312.25
13375.0,1,1,778.65
13376.0,335,1,249.76
13379.0,303,1,299.53
13381.0,31,2,1177.98
13382.0,251,1,222.99
13384.0,90,2,1305.44
13394.0,33,4,1218.27
13395.0,157,1,307.72
13396.0,60,1,973.72
13397.0,95,2,678.62
13402.0,246,2,621.23
13404.0,35,2,252.49
13408.0,3,22,10221.25
13410.0,218,1,140.4
13414.0,217,1,467.7
13417.0,212,1,404.83
13418.0,35,11,3642.99
13419.0,153,1,221.06
13422.0,183,1,2626.3
13426.0,31,5,2017.32
13427.0,32,2,464.86
13429.0,61,1,165.72
13431.0,1,2,1269.1
13434.0,245,1,72.84
13435.0,216,3,1137.28
13436.0,120,1,196.89
13437.0,121,4,2374.81
13441.0,92,1,296.64
13447.0,182,2,654.01
13448.0,219,4,1423.26
13450.0,31,4,1289.34
13451.0,5,3,1778.37
13455.0,485,1,692.94
13456.0,153,2,884.7600000000001
13458.0,6,8,5803.16
13460.0,60,1,75.98
13461.0,333,1,560.8
13462.0,340,1,151.5
13464.0,0,1,674.68
13466.0,126,1,307.9
13467.0,274,1,770.66
13468.0,0,21,3397.3
13470.0,335,1,49.5
13471.0,120,2,955.44
13473.0,39,2,422.64
13475.0,188,2,525.26
13476.0,282,1,727.6
13477.0,5,2,421.59
13483.0,214,1,140.34
13484.0,6,1,313.8
13486.0,156,2,819.61
13487.0,66,1,215.65
13488.0,9,4,4038.12
13489.0,217,1,51.36
13491.0,39,5,655.48
13492.0,96,2,676.1
13493.0,98,1,439.28
13494.0,342,1,316.26000000000005
13495.0,243,3,1483.39
13497.0,310,2,348.05
13499.0,60,1,323.62
13500.0,93,2,668.8
13502.0,68,1,74.56
13504.0,183,1,295.93
13506.0,577,1,301.12
13507.0,181,2,842.69
13508.0,67,1,110.97
13509.0,37,3,265.3
13510.0,95,3,1239.67
13513.0,216,1,205.1
13515.0,189,1,203.4
13517.0,30,1,516.24
13520.0,0,3,1592.45
13521.0,120,2,794.25
13522.0,90,1,125.80000000000001
13523.0,182,2,1545.79
13524.0,249,1,159.20000000000002
13525.0,220,1,282.88
13527.0,31,3,879.84
13531.0,485,1,305.45
13532.0,182,1,210.31
13533.0,65,1,124.14999999999999
13534.0,130,7,1746.18
13536.0,120,2,1005.1
13538.0,32,4,728.55
13539.0,283,1,164.1
13548.0,67,2,678.16
13549.0,3,3,370.2
13552.0,124,3,909.34
13557.0,29,2,584.06
13558.0,91,3,435.39
13560.0,301,1,171.42000000000002
13561.0,127,1,141.85999999999999
13562.0,128,1,603.27
13564.0,546,1,536.0500000000001
13565.0,100,1,110.17999999999999
13569.0,516,1,109.82000000000001
13570.0,67,1,239.49
13571.0,123,5,983.75
13575.0,0,1,147.41
13576.0,60,8,3233.78
13577.0,6,2,728.45
13579.0,577,1,164.70000000000002
13581.0,283,1,118.0
13583.0,156,1,781.03
13584.0,191,1,142.4
13587.0,153,1,712.4
13588.0,29,4,1043.85
13590.0,3,2,513.41
13591.0,183,1,340.9
13592.0,66,2,138.39
13593.0,162,1,559.85
13596.0,242,1,285.44
13599.0,6,11,3279.68
13601.0,5,1,373.2
13602.0,183,1,428.89
13606.0,60,3,276.75
13610.0,67,2,230.25
13611.0,31,1,517.68
13614.0,31,1,302.15
13617.0,4,1,131.10999999999999
13623.0,90,2,335.56
13626.0,340,1,257.23
13627.0,30,1,304.29
13629.0,90,5,3604.0
13630.0,126,3,984.6999999999999
13631.0,335,1,52.5
13632.0,67,1,259.24
13634.0,36,2,466.29
13635.0,275,1,1071.03
13636.0,93,3,657.27
13637.0,218,1,262.25
13642.0,127,1,312.28
13643.0,121,3,519.44
13645.0,32,1,252.1
13649.0,485,1,197.8
13650.0,1,3,792.58
13651.0,243,1,15.0
13652.0,546,1,308.8
13654.0,36,2,798.24
13655.0,6,1,383.65
13656.0,192,1,162.70000000000002
13662.0,35,1,288.74
13666.0,61,1,20.6
13668.0,36,9,2234.54
13672.0,38,2,186.39000000000001
13673.0,152,1,204.12
13675.0,33,1,178.38000000000002
13678.0,33,1,232.6
13680.0,120,3,3026.67
13681.0,156,2,531.08
13682.0,218,1,59.5
13685.0,61,5,2519.15
13686.0,65,1,72.0
13689.0,153,1,910.0
13690.0,30,1,172.25
13692.0,66,1,14.95
13694.0,66,18,19940.56
13695.0,2,9,1724.47
13697.0,333,1,151.29999999999998
13699.0,156,1,308.58000000000004
13700.0,6,3,719.98
13704.0,0,3,650.53
13705.0,301,2,507.32
13706.0,69,1,330.79
13709.0,181,8,3079.64
13710.0,121,1,180.48
13711.0,219,2,252.06
13712.0,159,1,228.84
13715.0,223,5,1077.39
13717.0,152,2,389.25
13718.0,159,1,192.5
13719.0,182,1,330.79
13721.0,274,1,524.14
13722.0,310,1,1463.47
13723.0,188,1,199.85000000000002
13725.0,161,2,1168.63
13726.0,333,1,786.98
13727.0,29,2,333.48
13728.0,274,2,377.7
13730.0,337,1,306.75
13731.0,159,2,610.59
13732.0,29,1,491.86
13736.0,242,1,372.27
13741.0,95,2,363.13
13742.0,31,5,954.87
13743.0,1,4,916.68
13744.0,215,1,263.2
13747.0,697,1,79.6
13748.0,159,4,800.8
13750.0,162,1,325.44
13752.0,96,5,876.39
13754.0,33,1,126.6
13755.0,153,3,726.8100000000001
13756.0,61,8,3326.6400000000003
13758.0,100,5,1784.37
13759.0,182,1,99.0
13762.0,219,1,306.72
13763.0,153,1,1714.96
13764.0,192,1,499.89
13767.0,33,17,8407.1
13769.0,93,6,1670.8000000000002
13771.0,183,3,2041.2
13772.0,182,2,894.21
13777.0,89,18,12215.31
13780.0,301,1,243.73000000000002
13781.0,281,1,127.84
13782.0,155,2,266.0
13784.0,39,6,1123.47
13786.0,516,1,230.39999999999998
13787.0,424,1,106.4
13790.0,212,1,348.8
13791.0,246,1,579.0
13792.0,244,1,120.95
13798.0,1,29,21790.46
13800.0,283,1,558.32
13801.0,244,1,324.8
13802.0,342,1,969.74
13804.0,90,4,844.85
13805.0,305,1,500.24
13806.0,153,1,256.38
13807.0,516,1,112.6
13808.0,154,4,1591.56
13809.0,161,1,155.05
13810.0,29,1,246.01
13811.0,95,1,333.0
13812.0,183,1,139.88
13813.0,31,1,292.24
13814.0,123,1,961.58
13816.0,183,1,371.69
13817.0,60,1,254.28
13819.0,38,2,732.05
13822.0,242,1,163.62
13823.0,92,1,650.42
13824.0,6,3,1371.28
13831.0,219,2,719.3
13833.0,278,1,383.85
13835.0,127,2,537.34
13837.0,5,1,157.54000000000002
13838.0,242,2,437.94
13841.0,340,1,85.0
13842.0,0,6,2137.09
13845.0,183,1,312.98
13846.0,36,1,252.53
13848.0,123,2,640.0
13850.0,305,1,1595.48
13851.0,215,2,2405.14
13854.0,1,11,3696.87
13856.0,95,1,124.60000000000001
13860.0,120,1,319.45
13862.0,39,3,1026.16
13863.0,189,1,305.78
13865.0,0,2,277.44
13867.0,121,2,561.3
13868.0,301,2,3192.54
13869.0,124,1,1510.49
13870.0,151,1,152.75
13871.0,68,3,1392.0
13873.0,2,3,389.6
13875.0,38,2,724.85
13876.0,153,1,122.7
13880.0,187,4,837.74
13881.0,36,9,9414.78
13882.0,90,3,435.34000000000003
13883.0,219,3,762.37
13884.0,31,5,787.6
13885.0,279,1,107.65
13888.0,2,2,595.67
13889.0,123,1,416.90000000000003
13890.0,120,5,913.1500000000001
13892.0,159,2,395.73
13894.0,311,1,160.85
13895.0,29,2,1655.77
13899.0,68,1,298.5
13900.0,95,1,8.5
13901.0,247,1,1561.0900000000001
13904.0,302,1,131.52
13908.0,96,3,1461.61
13911.0,127,3,867.47
13914.0,274,1,321.07
13917.0,338,1,65.38
13919.0,30,2,384.81
13924.0,120,2,474.73
13925.0,63,3,298.13
13928.0,121,1,131.22
13931.0,215,2,1237.53
13938.0,243,1,71.66
13939.0,342,1,184.5
13940.0,183,1,225.24
13941.0,31,2,2123.16
13947.0,214,1,90.6
13949.0,151,3,1359.04
13950.0,159,1,179.30999999999997
13952.0,188,1,1208.31
13953.0,68,2,911.32
13954.0,120,1,212.51
13955.0,125,2,322.96
13956.0,67,2,325.85
13959.0,282,2,337.44
13962.0,128,1,117.6
13963.0,252,3,548.86
13969.0,30,9,4013.25
13971.0,30,2,703.36
13975.0,121,5,2309.48
13980.0,61,1,200.14
13982.0,454,1,428.6
13983.0,0,7,1279.38
13984.0,216,3,689.38
13985.0,0,8,3181.1
13989.0,214,1,369.40999999999997
13990.0,66,1,311.3
13992.0,90,1,76.8
13993.0,31,2,845.3
13994.0,181,2,885.21
13995.0,128,1,310.45
13999.0,29,5,1586.57
14000.0,5,1,635.66
14001.0,697,1,301.24
14002.0,186,1,224.79
14004.0,246,2,957.0
14005.0,127,1,187.16
14006.0,6,1,357.65
14012.0,160,1,328.8
14013.0,98,1,118.5
14016.0,337,1,976.58
14019.0,304,1,416.24
14020.0,1,1,331.14
14021.0,5,2,433.0
14023.0,281,2,584.07
14024.0,63,2,327.7
14027.0,61,1,104.82
14029.0,153,1,302.46
14030.0,31,7,1816.81
14031.0,192,8,7549.67
14032.0,6,5,1202.68
14034.0,217,2,473.90999999999997
14035.0,29,1,300.32
14037.0,424,1,111.8
14039.0,182,1,152.2
14040.0,9,5,2096.92
14044.0,283,1,170.44
14045.0,192,3,1251.75
14047.0,162,3,647.37
14048.0,161,1,409.93
14049.0,247,1,226.93
14050.0,121,1,260.38
14051.0,30,10,6933.570000000001
14053.0,155,2,260.25
14054.0,214,1,92.46
14056.0,35,11,3955.78
14057.0,31,5,1160.15
14060.0,70,6,1970.1200000000001
14062.0,92,2,1965.5
14064.0,5,3,704.12
14067.0,153,2,374.7
14071.0,121,3,305.86
14073.0,152,1,151.04
14075.0,212,1,316.78
14076.0,305,1,118.67
14077.0,65,2,227.9
14078.0,66,3,491.46
14079.0,155,1,375.1
14080.0,152,1,45.599999999999994
14081.0,69,2,921.62
14082.0,424,1,182.25
14083.0,37,5,795.77
14085.0,98,6,1336.21
14087.0,151,1,191.47
14088.0,277,4,12777.66
14092.0,275,4,1013.25
14096.0,60,6,19798.67
14098.0,274,1,147.35
14099.0,32,4,1206.43
14102.0,242,2,450.4
14104.0,125,1,104.95
14107.0,245,3,1288.15
14108.0,90,1,306.58
14110.0,1,6,2853.15
14111.0,6,2,142.5
14112.0,98,2,1365.42
14113.0,181,1,471.9
14114.0,37,1,191.39999999999998
14116.0,63,4,1169.82
14121.0,30,3,2251.67
14125.0,29,1,1091.28
14126.0,301,1,62.5
14127.0,93,2,572.11
14128.0,61,1,331.96
14129.0,120,3,519.91
14132.0,3,7,2261.71
14133.0,305,2,287.64
14135.0,39,10,3307.25
14138.0,120,2,965.8800000000001
14140.0,121,2,935.05
14141.0,30,2,425.82000000000005
14142.0,697,1,311.81
14145.0,186,3,2851.2
14146.0,332,1,1225.16
14149.0,280,1,446.62
14150.0,243,1,352.46000000000004
14156.0,0,24,37193.4
14159.0,215,3,1218.24
14161.0,127,3,1097.6200000000001
14163.0,64,1,909.6
14165.0,98,1,120.44
14167.0,9,1,148.35
14171.0,304,1,363.79
14173.0,249,1,114.04
14174.0,182,1,134.46
14175.0,30,1,2016.31
14176.0,516,1,159.55
14177.0,215,2,191.33
14178.0,29,5,1241.91
14180.0,60,11,2091.27
14184.0,244,1,452.89
14185.0,9,1,197.65
14188.0,90,4,1426.76
14189.0,60,6,1974.68
14191.0,63,5,1584.07
14193.0,275,1,430.85
14194.0,30,4,1602.2
14195.0,340,1,828.4
14199.0,219,1,185.39999999999998
14201.0,61,3,355.12
14204.0,151,1,150.61
14208.0,184,1,151.74
14209.0,39,3,1017.23
14210.0,253,2,668.61
14211.0,245,1,220.04000000000002
14212.0,31,1,1070.48
14214.0,90,3,765.4
14215.0,187,2,342.16
14216.0,181,3,1046.3600000000001
14217.0,39,9,973.6899999999999
14219.0,212,1,89.94
14220.0,189,1,319.42
14221.0,253,3,1102.8
14223.0,123,2,686.23
14224.0,127,1,247.76999999999998
14226.0,29,2,337.02000000000004
14227.0,128,1,304.33000000000004
14229.0,70,1,456.97
14231.0,95,1,307.76
14232.0,187,1,310.79
14233.0,5,2,858.25
14234.0,90,1,209.48
14235.0,217,2,1538.31
14236.0,666,1,189.3
14237.0,697,1,161.0
14239.0,159,5,1161.3
14240.0,90,1,663.49
14241.0,95,1,213.70000000000002
14243.0,128,5,1184.56
14245.0,249,1,688.35
14246.0,128,1,449.64
14247.0,190,1,136.76999999999998
14250.0,31,3,1904.05
14251.0,120,1,482.28000000000003
14256.0,424,1,523.86
14257.0,124,4,2479.58
14258.0,31,5,7609.18
14262.0,60,3,1124.36
14264.0,125,2,333.97
14270.0,9,1,492.65000000000003
14273.0,36,2,218.7
14276.0,4,2,778.54
14277.0,35,1,1629.03
14282.0,121,4,1178.4
14284.0,90,1,343.15
14285.0,302,1,300.6
14286.0,36,1,2050.08
14287.0,332,1,93.35
14288.0,66,1,426.6
14289.0,6,2,225.78
14290.0,275,1,728.5
14291.0,32,5,2478.31
14292.0,1,4,1430.06
14293.0,161,3,815.1700000000001
14297.0,61,2,710.1
14298.0,90,10,16044.25
14299.0,0,4,1647.72
14304.0,339,1,383.45
14307.0,1,4,1895.36
14309.0,29,5,1446.41
14311.0,36,1,310.26
14312.0,37,5,1047.19
14315.0,125,3,652.35
14317.0,183,1,508.58000000000004
14320.0,39,1,352.51
14321.0,70,1,326.82
14326.0,36,1,183.85
14329.0,37,1,578.02
14331.0,155,1,79.0
14332.0,244,1,440.2
14333.0,275,1,415.2
14334.0,68,3,1017.01
14335.0,245,1,347.5
14336.0,129,2,764.45
14338.0,337,1,8.25
14339.0,36,1,309.52
14340.0,219,1,134.7
14341.0,127,3,688.81
14342.0,121,1,91.03999999999999
14344.0,98,4,604.13
14345.0,333,1,108.97999999999999
14346.0,32,1,759.14
14350.0,68,1,282.93
14352.0,37,3,464.94000000000005
14353.0,127,1,90.6
14354.0,90,2,163.62
14355.0,454,1,174.4
14360.0,121,4,2118.03
14364.0,5,3,1763.8
14367.0,33,9,4785.9
14375.0,157,1,235.56
14377.0,338,1,302.45
14383.0,183,2,1005.6
14387.0,152,1,797.86
14388.0,63,6,2281.92
14389.0,214,2,1043.46
14390.0,5,3,1097.16
14393.0,219,1,67.95
14395.0,61,6,2135.23
14396.0,214,2,487.99
14397.0,4,8,1405.1
14401.0,65,5,1718.14
14403.0,188,3,1180.01
14404.0,182,2,256.03
14406.0,2,1,156.75
14407.0,129,1,357.18
14408.0,184,3,1451.64
14409.0,93,3,519.6
14410.0,123,4,354.21999999999997
14411.0,311,1,1063.0
14413.0,363,1,121.05
14414.0,92,2,359.9
14415.0,65,7,3268.22
14418.0,181,1,897.35
14419.0,61,4,607.24
14420.0,335,1,387.52
14421.0,5,1,455.18
14422.0,89,1,382.01
14423.0,219,1,265.2
14426.0,129,3,1719.33
14427.0,153,1,321.74
14428.0,274,2,689.94
14431.0,69,1,470.36
14432.0,31,3,665.7
14434.0,61,3,552.0
14436.0,304,1,89.06
14437.0,454,1,63.0
14438.0,191,1,131.9
14440.0,332,2,1273.95
14441.0,89,2,646.26
14443.0,311,2,608.4
14446.0,29,3,638.83
14447.0,251,1,265.0
14448.0,424,1,102.35000000000001
14449.0,159,3,698.47
14450.0,4,2,322.22
14451.0,61,1,283.9
14452.0,154,1,127.37
14453.0,307,1,119.93
14456.0,31,3,1426.9
14457.0,311,1,113.64
14459.0,156,1,1837.92
14460.0,311,1,30.0
14462.0,32,7,1432.22
14463.0,304,1,220.2
14465.0,69,3,1038.44
14466.0,60,5,1832.45
14472.0,64,3,616.79
14473.0,310,1,85.0
14475.0,130,2,622.17
14477.0,126,1,358.0
14479.0,454,1,174.4
14482.0,90,3,781.9300000000001
14483.0,282,1,137.1
14485.0,333,1,162.8
14487.0,31,2,524.47
14488.0,275,1,1064.28
14491.0,666,1,127.2
14493.0,90,3,1602.54
14495.0,63,1,40.599999999999994
14496.0,342,2,538.8100000000001
14497.0,283,1,475.37
14498.0,187,1,147.02
14499.0,190,1,122.87
14500.0,1,2,305.85
14501.0,95,1,184.28
14502.0,182,3,932.48
14503.0,181,2,770.87
14504.0,67,2,408.15
14505.0,66,4,2951.57
14506.0,244,3,1219.88
14507.0,127,3,615.31
14508.0,31,1,137.56
14511.0,123,3,875.33
14512.0,218,1,148.95999999999998
14514.0,9,2,842.34
14515.0,219,3,1323.87
14517.0,182,1,78.0
14518.0,183,1,174.37
14520.0,120,1,105.60000000000001
14522.0,123,1,482.07
14524.0,121,2,306.5
14525.0,32,2,1405.78
14527.0,1,19,3456.48
14528.0,302,1,364.21999999999997
14529.0,61,1,240.47
14530.0,154,3,1399.21
14533.0,31,4,1062.08
14534.0,2,10,2402.92
14535.0,61,3,2854.84
14538.0,183,1,281.75
14540.0,283,1,195.9
14541.0,0,3,319.1
14542.0,157,1,103.25
14543.0,29,8,1603.08
14546.0,220,2,1057.12
14547.0,181,3,953.4000000000001
14548.0,3,1,326.4
14549.0,342,1,289.24
14552.0,33,1,164.22
14553.0,182,4,717.79
14555.0,69,1,186.34
14560.0,60,10,1027.95
14561.0,126,1,222.07
14562.0,60,8,1931.81
14565.0,215,1,538.8000000000001
14567.0,336,1,800.76
14569.0,120,1,227.39
14570.0,251,2,218.06
14572.0,181,1,135.05
14573.0,35,4,1003.42
14576.0,666,1,35.400000000000006
14577.0,363,1,346.90000000000003
14578.0,181,1,168.63
14583.0,157,2,384.87
14584.0,95,1,344.81
14586.0,129,1,237.36
14587.0,9,7,1279.42
14589.0,638,1,39.75
14591.0,66,1,204.02
14592.0,183,2,424.0
14594.0,301,2,363.33
14595.0,91,1,141.75
14597.0,338,1,165.1
14600.0,161,1,393.33000000000004
14603.0,68,1,660.0
14606.0,5,38,5022.05
14607.0,274,1,1000.0
14608.0,60,3,1198.2
14616.0,36,1,158.4
14618.0,192,1,211.8
14619.0,128,1,394.44
14620.0,341,1,235.35
14621.0,90,4,1482.66
14622.0,126,1,320.58000000000004
14623.0,152,2,367.52
14624.0,30,1,210.25
14626.0,93,2,1595.3
14628.0,36,2,671.96
14629.0,212,1,352.08
14636.0,274,1,309.66
14639.0,32,2,754.1
14640.0,30,2,802.3100000000001
14642.0,0,1,96.12
14644.0,275,1,643.26
14645.0,98,2,597.09
14646.0,2,28,87617.39
14649.0,35,3,1089.53
14651.0,5,2,653.75
14653.0,120,4,1229.72
14655.0,332,2,1173.47
14656.0,341,1,133.11
14657.0,156,2,222.86
14658.0,242,1,124.01
14659.0,188,4,840.8199999999999
14662.0,29,2,489.12
14664.0,182,1,387.39
14665.0,31,3,1498.44
14667.0,68,13,4797.29
14669.0,6,3,1259.24
14670.0,251,2,392.86
14672.0,162,1,285.28000000000003
14673.0,181,3,1044.94
14676.0,121,2,933.6
14680.0,63,7,13441.85
14681.0,5,1,393.95
14682.0,218,1,31.200000000000003
14684.0,127,2,493.44
14688.0,3,10,3197.45
14690.0,33,1,212.56
14691.0,35,3,1619.94
14696.0,2,5,1465.45
14697.0,219,2,188.60999999999999
14698.0,120,1,152.18
14699.0,96,1,109.13000000000001
14700.0,152,2,1473.55
14701.0,189,2,527.64
14702.0,100,9,1654.06
14704.0,4,1,100.75
14708.0,125,3,1126.37
14709.0,90,7,2611.89
14710.0,30,1,172.91
14711.0,92,4,956.37
14712.0,60,1,495.6
14713.0,60,7,1904.74
14715.0,9,2,485.25
14719.0,61,3,929.76
14720.0,31,3,663.81
14723.0,274,3,413.19
14727.0,68,1,268.58
14729.0,697,1,313.49
14730.0,120,4,1276.31
14731.0,35,1,127.66
14732.0,1,7,2367.39
14733.0,39,3,3901.83
14735.0,181,3,767.29
14737.0,181,2,730.55
14738.0,5,3,630.33
14739.0,184,6,3392.32
14740.0,341,1,521.1
14741.0,666,1,184.5
14744.0,30,2,308.75
14745.0,126,1,341.07
14747.0,250,1,328.2
14748.0,35,5,1415.75
14755.0,100,1,488.46000000000004
14759.0,212,1,755.12
14761.0,0,2,255.9
14765.0,60,1,158.61
14766.0,66,3,960.07
14768.0,246,1,133.20000000000002
14769.0,151,1,341.96999999999997
14775.0,0,2,717.0
14776.0,219,1,214.56
14778.0,246,2,730.86
14779.0,251,1,38.0
14788.0,301,1,310.99
14789.0,29,1,197.64
14790.0,2,2,428.62
14792.0,153,1,6.2
14794.0,90,3,531.11
14796.0,33,7,3497.9700000000003
14798.0,311,1,75.68
14800.0,30,7,2757.24
14801.0,91,1,189.34
14803.0,98,1,188.64
14804.0,332,1,353.27
14808.0,64,2,443.06
14810.0,100,3,461.09
14813.0,577,2,152.88
14815.0,274,2,778.5
14817.0,160,1,580.79
14819.0,183,1,187.35
14820.0,182,1,139.1
14821.0,485,1,48.800000000000004
14823.0,4,1,110.78
14824.0,92,2,497.41
14825.0,31,6,976.08
14828.0,162,1,582.0
14829.0,60,3,549.1899999999999
14834.0,0,2,529.55
14836.0,29,2,79.05
14837.0,31,1,303.94
14841.0,30,2,1169.69
14842.0,215,3,1901.52
14844.0,6,3,2521.01
14849.0,2,15,4256.8
14850.0,342,1,325.75
14852.0,0,3,1692.88
14853.0,5,1,214.5
14854.0,68,2,655.36
14855.0,2,1,339.3
14856.0,274,2,308.11
14857.0,30,1,650.6
14863.0,60,1,266.76
14865.0,301,2,52.2
14866.0,30,4,6181.32
14867.0,157,3,710.28
14868.0,32,5,1806.42
14869.0,332,1,334.39
14871.0,181,1,165.98000000000002
14878.0,4,2,254.01
14880.0,157,1,218.47
14882.0,182,1,247.9
14883.0,5,1,310.56
14886.0,340,1,364.8
14889.0,162,1,135.9
14891.0,218,1,449.38
14895.0,60,10,4899.95
14896.0,454,1,257.22
14897.0,1,2,789.96
14898.0,69,2,266.85
14901.0,1,5,784.01
14903.0,155,3,1712.15
14904.0,151,1,628.48
14905.0,217,1,307.6
14907.0,29,4,2187.35
14910.0,121,2,212.44
14911.0,0,75,59112.81
14912.0,159,1,482.78999999999996
14913.0,37,3,926.56
14915.0,92,2,307.48
14916.0,154,1,266.48
14918.0,125,1,765.4200000000001
14920.0,35,2,977.77
14921.0,90,1,413.06
14924.0,128,1,310.05
14929.0,152,1,223.88
14930.0,68,1,1104.13
14931.0,212,1,198.4
14932.0,454,1,363.53
14934.0,310,1,828.84
14936.0,98,6,4640.5
14937.0,336,1,759.56
14944.0,60,7,2711.94
14947.0,336,1,178.5
14948.0,249,2,360.76
14952.0,1,5,3717.92
14958.0,128,2,376.33
14959.0,127,2,401.82
14960.0,332,1,132.97
14961.0,92,3,2087.12
14963.0,95,2,590.78
14964.0,189,1,206.21
14965.0,245,2,596.09
14968.0,90,1,147.59
14970.0,303,2,917.06
14971.0,243,2,491.37
14972.0,277,1,114.77
14974.0,302,1,89.94
14976.0,68,1,115.57000000000001
14981.0,159,1,102.12
14984.0,4,1,102.23
14987.0,454,1,163.2
14988.0,5,1,334.54
14995.0,251,2,231.98000000000002
14997.0,1,1,278.4
14998.0,6,1,183.64
15002.0,223,2,893.15
15005.0,100,11,2411.22
15007.0,278,1,156.91
15010.0,243,1,308.94
15012.0,697,1,188.56
15017.0,182,1,125.58
15018.0,333,3,496.21000000000004
15021.0,186,4,920.41
15023.0,129,5,3318.25
15024.0,29,6,1072.12
15025.0,182,1,361.96
15026.0,160,1,108.97999999999999
15027.0,90,2,411.9
15028.0,332,2,300.67
15031.0,90,3,542.23
15032.0,485,2,2770.6
15033.0,124,3,374.49
15034.0,29,3,1643.96
15035.0,31,1,252.73000000000002
15038.0,0,6,685.74
15039.0,70,20,8469.61
15043.0,121,1,537.0
15044.0,6,6,2570.19
15045.0,33,1,346.76
15046.0,69,7,2561.25
15048.0,214,3,313.77
15049.0,37,1,121.17000000000002
15051.0,3,1,377.74
15053.0,186,3,693.95
15057.0,98,1,358.5
15058.0,67,4,764.19
15059.0,100,2,381.89
15060.0,332,1,16.61
15061.0,5,28,31902.3
15062.0,188,1,353.06
15063.0,66,1,370.79999999999995
15065.0,302,1,299.38
15067.0,310,1,848.05
15070.0,666,1,106.2
15071.0,98,2,982.07
15073.0,157,2,861.96
15078.0,93,11,3272.2200000000003
15079.0,35,3,528.32
15081.0,214,2,191.45
15087.0,282,1,306.94
15088.0,275,1,864.19
15089.0,184,2,1580.61
15090.0,252,1,381.32
15091.0,275,1,480.71
15092.0,127,2,457.81
15093.0,223,2,1844.13
15097.0,212,1,248.08
15098.0,65,3,39916.5
15100.0,70,3,876.0
15101.0,332,1,215.25
15103.0,121,1,411.68
15104.0,310,1,374.64
15105.0,275,1,541.03
15106.0,5,2,637.38
15107.0,39,4,243.5
15108.0,187,2,432.05
15109.0,128,1,484.95
15110.0,216,1,206.9
15111.0,60,3,1567.48
15114.0,38,6,1860.49
15117.0,32,2,675.73
15119.0,128,1,266.4
15123.0,301,1,1129.84
15124.0,338,1,90.75
15125.0,61,2,375.0
15127.0,214,1,406.53
15128.0,61,3,1096.6
15129.0,216,2,509.7
15133.0,38,2,657.72
15134.0,66,3,505.27000000000004
15136.0,151,3,839.8
15139.0,162,1,122.10000000000001
15144.0,0,6,3023.9
15145.0,212,2,580.59
15150.0,152,5,2052.5099999999998
15152.0,61,5,2079.93
15153.0,121,1,329.25
15156.0,120,3,961.49
15157.0,125,2,850.61
15159.0,31,14,6671.65
15164.0,253,2,629.79
15165.0,697,1,487.75
15171.0,9,1,1289.5
15172.0,332,1,376.1
15179.0,340,1,102.0
15180.0,516,1,87.5
15181.0,244,1,254.48
15182.0,125,1,252.37
15184.0,60,2,402.2
15187.0,35,8,2001.52
15189.0,6,18,6206.29
15192.0,2,3,1044.32
15193.0,61,1,499.32
15194.0,121,8,4224.03
15195.0,151,1,3861.0
15197.0,340,1,216.75
15198.0,123,2,193.64
15199.0,30,3,964.65
15201.0,189,3,632.47
15203.0,342,1,211.94
15205.0,246,1,476.29999999999995
15206.0,98,2,201.29999999999998
15208.0,120,3,546.6
15211.0,61,2,894.4100000000001
15212.0,6,1,101.8
15214.0,36,5,1068.19
15215.0,245,1,300.04
15218.0,188,1,647.75
15220.0,251,1,316.11
15221.0,485,1,403.25
15223.0,250,1,300.85
15224.0,363,1,11.6
15226.0,311,1,154.41
15227.0,127,3,594.33
15228.0,244,2,2133.2599999999998
15234.0,129,1,197.0
15235.0,159,7,1121.97
15237.0,120,1,83.6
15238.0,60,3,1071.99
15240.0,6,3,1045.38
15241.0,95,5,1119.71
15244.0,214,2,631.57
15245.0,218,1,486.24
15247.0,93,1,356.0
15249.0,2,7,3636.29
15251.0,3,4,6339.32
15252.0,95,2,740.78
15253.0,1,2,466.75
15254.0,246,1,300.36
15255.0,244,1,890.85
15257.0,341,1,317.15
15258.0,188,1,315.66
15260.0,187,3,808.38
15264.0,183,1,393.74
15265.0,33,1,793.88
15266.0,223,1,119.3
15267.0,0,3,1527.76
15270.0,38,3,1013.5
15271.0,4,8,1328.66
15274.0,212,1,332.58000000000004
15275.0,302,1,615.14
15276.0,244,1,128.63
15281.0,0,3,1025.19
15288.0,156,2,548.01
15289.0,60,2,617.25
15290.0,121,7,3202.81
15291.0,4,10,3157.42
15296.0,35,2,878.26
15297.0,60,2,380.26
15298.0,123,5,2145.34
15299.0,275,5,3307.01
15300.0,183,1,496.44
15301.0,218,3,1345.28
15304.0,61,4,391.5
15306.0,123,2,829.73
15307.0,215,1,205.3
15308.0,68,1,310.47
15311.0,0,41,32280.63
15312.0,127,1,318.15999999999997
15315.0,183,1,336.96
15318.0,181,1,312.62
15319.0,341,1,204.5
15326.0,70,1,311.71
15330.0,61,2,714.96
15332.0,485,4,1661.06
15334.0,186,1,127.53
15339.0,244,1,316.17
15342.0,305,1,406.09
15344.0,89,2,255.25
15346.0,39,1,252.42000000000002
15347.0,485,1,201.60000000000002
15349.0,218,2,463.90999999999997
15350.0,697,1,115.65
15351.0,30,4,770.36
15353.0,516,1,311.65
15355.0,60,1,150.8
15356.0,121,5,1226.44
15358.0,1,11,5004.54
15363.0,666,1,326.0
15364.0,215,1,581.39
15365.0,245,1,752.6700000000001
15367.0,98,2,1416.18
15370.0,30,2,217.2
15373.0,332,2,679.83
15374.0,277,1,168.0
15376.0,339,1,642.37
15379.0,98,3,1341.3700000000001
15380.0,332,2,615.4000000000001
15381.0,66,1,314.55
15382.0,126,2,539.1
15386.0,187,1,394.14
15392.0,1,3,1196.55
15393.0,282,1,124.10000000000001
15399.0,120,1,266.64
15400.0,123,4,649.0
15405.0,279,1,349.1
15406.0,38,2,510.71000000000004
15407.0,95,4,1046.74
15410.0,305,2,727.48
15411.0,65,2,382.21
15414.0,36,2,421.5
15416.0,156,3,3085.13
15421.0,0,4,950.36
15423.0,333,1,43.5
15426.0,182,3,714.6
15427.0,182,2,1071.05
15433.0,66,1,160.66
15434.0,121,2,454.20000000000005
15442.0,220,1,594.0
15443.0,120,1,375.38
15449.0,157,1,301.78
15450.0,90,1,429.84
15452.0,60,1,125.4
15453.0,120,4,899.79
15454.0,363,1,179.1
15456.0,341,2,203.37
15462.0,184,2,169.8
15463.0,60,1,126.14
15464.0,223,1,1044.65
15465.0,4,7,2168.66
15467.0,64,1,288.42
15469.0,32,1,304.3
15471.0,151,1,454.48
15473.0,0,6,1363.2
15482.0,274,2,2629.3999999999996
15483.0,337,3,114.31
15484.0,120,1,674.25
15485.0,90,3,2564.5
15488.0,123,1,91.32000000000001
15489.0,5,1,348.26
15491.0,215,2,921.6300000000001
15492.0,29,1,171.72
15493.0,152,3,1071.0
15494.0,63,1,1119.88
15498.0,5,12,6030.88
15500.0,332,1,266.26
15502.0,31,10,9736.98
15503.0,363,1,141.04
15505.0,156,2,1446.18
15508.0,249,4,481.8
15511.0,333,1,229.8
15512.0,156,1,19.799999999999997
15513.0,5,10,7650.21
15514.0,182,6,2385.17
15518.0,39,6,1677.71
15520.0,120,1,343.5
15521.0,35,5,1401.8899999999999
15522.0,152,1,138.94
15525.0,151,2,540.61
15526.0,182,2,148.44
15527.0,31,4,1485.64
15529.0,98,5,1316.15
15530.0,159,1,548.09
15531.0,90,2,1972.39
15533.0,31,1,449.65999999999997
15539.0,301,1,538.46
15544.0,2,6,2535.27
15545.0,638,1,135.32999999999998
15547.0,31,5,2482.17
15549.0,217,1,689.58
15550.0,38,2,280.25
15551.0,274,1,436.06
15552.0,188,1,90.12
15553.0,61,1,428.93
15554.0,160,1,217.2
15555.0,0,8,2535.63
15557.0,29,1,468.91
15561.0,127,1,265.75
15568.0,151,1,335.77
15569.0,39,1,288.5
15570.0,69,5,1962.26
15571.0,182,1,196.43
15572.0,190,4,1068.52
15573.0,121,1,187.1
15574.0,666,1,349.04
15576.0,302,1,921.37
15577.0,33,3,258.88
15579.0,303,1,132.25
15581.0,32,6,3390.01
15582.0,280,1,303.61
15587.0,31,1,344.88
15589.0,311,1,184.95
15594.0,90,2,702.86
15596.0,96,3,1014.54
15597.0,243,1,324.57
15601.0,31,5,2417.3
15602.0,29,4,458.43
15605.0,31,4,1015.48
15606.0,2,4,1384.68
15607.0,162,1,104.76
15608.0,29,4,1093.68
15609.0,126,1,298.48
15611.0,100,3,304.6
15612.0,91,2,195.15
15615.0,35,9,4307.32
15618.0,123,3,554.02
15620.0,280,1,450.52
15621.0,212,2,248.07
15622.0,310,1,576.0
15625.0,336,1,301.14
15628.0,65,6,1872.98
15632.0,63,4,1745.52
15636.0,31,2,724.76
15640.0,39,7,5592.73
15641.0,310,1,453.79
15643.0,310,3,664.0
15646.0,159,3,447.64000000000004
15649.0,162,2,816.0
15651.0,274,2,418.98
15652.0,92,1,337.74
15653.0,123,1,829.4399999999999
15655.0,67,1,560.67
15656.0,280,1,63.910000000000004
15658.0,283,3,583.9000000000001
15660.0,341,2,364.3
15661.0,223,1,116.0
15665.0,67,1,1456.42
15668.0,188,1,76.32000000000001
15671.0,36,3,1315.72
15673.0,1,3,1845.97
15674.0,66,3,1024.54
15675.0,156,2,225.39
15676.0,243,2,3267.84
15679.0,65,3,734.66
15680.0,485,1,478.89
15681.0,29,4,1183.02
15687.0,187,4,1469.42
15689.0,2,1,150.6
15690.0,212,1,128.76
15691.0,340,1,136.8
15692.0,29,1,191.04
15694.0,60,8,4404.57
15696.0,182,3,1236.75
15701.0,151,2,564.03
15704.0,127,2,1507.32
15706.0,153,2,181.8
15707.0,183,2,480.87
15708.0,100,3,1167.41
15709.0,341,1,133.25
15712.0,95,1,158.85
15713.0,485,1,171.15
15716.0,577,1,529.4
15719.0,152,10,3869.4
15722.0,218,3,1233.01
15723.0,424,1,190.7
15727.0,9,2,1339.2
15729.0,35,1,85.0
15730.0,123,2,653.45
15732.0,35,2,294.12
15733.0,310,1,162.3
15737.0,36,4,712.73
15738.0,95,5,1549.43
15739.0,244,1,449.12
15743.0,126,2,451.61
15745.0,182,1,309.53000000000003
15747.0,32,1,282.71999999999997
15749.0,39,2,22998.4
15750.0,151,5,1271.3600000000001
15752.0,154,4,1523.2
15753.0,130,1,79.2
15754.0,159,1,91.8
15755.0,1,1,330.92
15756.0,64,4,528.01
15757.0,188,2,714.42
15759.0,219,1,68.0
15762.0,214,1,268.44
15763.0,121,1,564.4300000000001
15764.0,1,4,1697.8700000000001
15766.0,183,1,315.06
15769.0,90,10,21802.68
15773.0,242,1,635.6800000000001
15774.0,303,1,270.8
15775.0,128,1,104.9
15777.0,6,1,293.96
15780.0,36,2,298.13
15781.0,161,1,83.35
15782.0,31,1,1638.3400000000001
15785.0,152,3,998.5699999999999
15787.0,91,1,479.1
15796.0,69,4,1315.22
15797.0,96,2,1825.2
15799.0,100,2,481.24
15800.0,159,1,244.5
15801.0,61,1,869.98
15804.0,89,4,1392.63
15805.0,121,6,1053.6100000000001
15806.0,129,2,521.88
15808.0,191,3,2422.87
15809.0,69,3,331.26
15811.0,454,1,289.85
15812.0,33,2,822.48
15814.0,274,1,456.23999999999995
15815.0,35,3,1192.98
15819.0,129,1,639.64
15821.0,91,1,254.18
15822.0,181,1,445.27
15823.0,666,1,15.0
15827.0,95,8,874.96
15829.0,335,1,310.7
15830.0,302,1,576.0
15831.0,0,2,484.7
15834.0,160,2,1272.77
15837.0,183,1,391.98
15838.0,63,9,23307.78
15839.0,182,1,258.13
15840.0,0,1,113.82
15841.0,219,2,613.26
15843.0,99,1,118.95000000000002
15845.0,192,2,643.84
15847.0,333,1,208.59
15852.0,187,1,57.5
15854.0,212,3,432.18
15855.0,95,1,132.18
15856.0,33,14,9364.130000000001
15858.0,30,2,654.15
15860.0,155,4,622.16
15862.0,332,2,527.38
15864.0,244,2,1064.14
15865.0,1,2,603.85
15867.0,36,5,1154.28
15869.0,160,2,149.64
15870.0,152,1,351.44
15874.0,128,3,3480.1800000000003
15877.0,120,1,251.02
15880.0,577,1,329.03000000000003
15881.0,424,1,114.45000000000002
15882.0,546,2,371.32000000000005
15883.0,151,2,396.48
15885.0,123,3,379.35
15886.0,61,1,181.09
15889.0,186,2,420.07
15894.0,577,1,151.44
15898.0,120,3,902.53
15899.0,546,1,56.25
15901.0,125,1,110.49
15903.0,29,1,1405.2
15904.0,332,1,164.68
15906.0,249,2,862.32
15907.0,181,1,405.13
15910.0,89,4,553.4
15916.0,90,5,859.72
15917.0,189,1,123.1
15918.0,307,1,192.23
15919.0,546,1,214.07999999999998
15920.0,125,4,167.5
15922.0,697,1,369.5
15923.0,666,1,127.08
15930.0,275,1,426.63
15932.0,1,4,1226.1
15935.0,6,1,308.82
15937.0,183,1,145.35
15938.0,220,1,105.0
15939.0,4,6,3563.13
15940.0,342,1,35.8
15944.0,129,1,325.1
15945.0,454,1,181.0
15948.0,332,1,311.0
15950.0,121,1,418.29
15951.0,332,1,333.05
15952.0,182,3,549.26
15953.0,5,5,1075.73
15955.0,30,7,2062.4900000000002
15957.0,121,1,428.89
15965.0,29,3,658.32
15969.0,151,2,443.7
15970.0,99,1,314.1
15971.0,1,6,1680.95
15973.0,485,1,307.82000000000005
15974.0,5,4,1633.49
15976.0,280,1,209.99
15980.0,1,2,1638.68
15981.0,6,2,790.8
15983.0,454,2,813.65
15984.0,151,5,1188.11
15985.0,124,1,242.84
15986.0,90,1,168.12
15987.0,32,3,525.8900000000001
15992.0,181,1,41.989999999999995
15993.0,182,3,669.71
15996.0,1,2,416.07
15998.0,274,2,1439.65
16000.0,151,3,12393.7
16003.0,60,2,941.47
16005.0,65,1,120.49000000000001
16006.0,5,1,101.4
16007.0,4,3,1477.71
16009.0,152,2,524.35
16010.0,128,3,392.4
16011.0,2,9,2193.56
16012.0,156,3,1415.29
16013.0,2,26,19403.16
16014.0,64,2,393.20000000000005
16015.0,181,1,203.1
16016.0,181,3,784.11
16018.0,4,1,161.9
16019.0,162,2,723.35
16020.0,214,1,518.8
16025.0,60,1,439.65999999999997
16027.0,69,3,595.87
16029.0,30,33,48851.67
16030.0,283,1,331.24
16031.0,123,2,547.9
16033.0,5,9,4315.11
16034.0,39,1,153.6
16037.0,130,1,303.00000000000006
16038.0,301,1,78.45
16040.0,214,1,437.37
16041.0,90,1,426.6
16042.0,39,1,24.95
16043.0,5,3,466.14000000000004
16045.0,2,2,406.85
16048.0,697,2,256.44
16053.0,93,2,1511.95
16055.0,280,1,134.8
16057.0,5,5,860.25
16059.0,214,2,223.55
16062.0,6,2,578.18
16065.0,454,1,367.14
16066.0,91,3,1070.99
16070.0,152,1,686.85
16076.0,30,5,1192.3
16078.0,341,1,79.2
16080.0,68,1,130.26
16081.0,157,2,581.84
16085.0,0,1,120.33
16086.0,30,3,711.59
16091.0,125,1,157.81
16094.0,60,3,761.3
16098.0,157,4,1132.79
16102.0,277,2,1392.8400000000001
16103.0,187,3,638.44
16104.0,91,1,298.21
16105.0,220,1,336.96
16106.0,214,1,108.38
16107.0,29,3,1353.74
16109.0,219,2,611.88
16110.0,342,1,404.0
16112.0,70,3,159.18
16113.0,95,1,161.38
16115.0,4,2,312.21
16116.0,5,1,612.78
16117.0,279,1,232.21
16119.0,332,1,113.88000000000001
16120.0,30,4,1309.14
16121.0,127,1,285.94
16122.0,39,2,249.84
16125.0,516,1,289.35
16126.0,60,2,3533.7200000000003
16128.0,274,2,666.82
16133.0,29,14,5523.83
16136.0,30,2,566.04
16140.0,214,2,725.18
16141.0,1,1,620.4
16142.0,250,1,535.34
16143.0,35,4,1594.15
16144.0,159,1,175.2
16145.0,3,5,1686.04
16146.0,217,1,75.0
16149.0,212,1,116.84
16150.0,1,3,1177.47
16153.0,157,2,485.09000000000003
16156.0,33,4,1004.0500000000001
16159.0,282,1,348.2
16160.0,214,1,223.49999999999997
16161.0,30,6,1570.72
16162.0,340,1,37.4
16163.0,454,1,441.6
16168.0,3,12,2104.78
16169.0,60,2,918.17
16170.0,95,2,635.31
16171.0,30,1,73.2
16172.0,6,4,788.24
16173.0,92,3,747.7
16174.0,33,2,626.35
16175.0,184,1,300.7
16179.0,61,1,215.83
16180.0,246,2,2730.88
16182.0,336,1,2327.0
16183.0,275,1,338.71000000000004
16184.0,5,3,620.88
16186.0,5,7,2402.92
16187.0,121,4,1533.56
16188.0,36,1,151.65
16191.0,38,4,1606.8400000000001
16200.0,212,1,518.3
16201.0,181,1,509.4
16203.0,0,2,385.3
16205.0,90,3,645.28
16206.0,155,1,121.11
16209.0,1,4,926.42
16210.0,66,11,15447.19
16211.0,1,1,547.02
16212.0,341,1,498.15000000000003
16214.0,340,1,206.7
16217.0,310,1,183.0
16218.0,60,2,920.5
16221.0,98,3,860.86
16224.0,250,1,167.47
16225.0,160,2,416.61
16229.0,35,1,358.2
16230.0,279,2,542.03
16232.0,127,2,366.47
16233.0,485,1,147.39999999999998
16235.0,39,2,429.5
16239.0,279,1,347.9
16241.0,0,9,1437.69
16242.0,96,5,2591.9700000000003
16243.0,182,1,194.15
16244.0,5,2,1522.75
16245.0,63,1,315.72
16248.0,91,1,152.94
16250.0,697,1,226.14
16253.0,244,1,1983.46
16255.0,159,5,1446.71
16258.0,246,2,1787.26
16261.0,159,1,252.52
16265.0,130,4,2394.36
16271.0,151,2,314.42
16274.0,697,1,351.75
16282.0,253,1,168.3
16283.0,32,4,1293.0
16284.0,121,1,422.43
16292.0,63,1,302.25
16293.0,92,3,703.34
16295.0,0,2,692.3
16298.0,187,1,114.3
16302.0,216,1,233.22
16303.0,70,1,827.1800000000001
16306.0,38,4,616.35
16308.0,188,2,1600.0
16313.0,181,1,106.53
16316.0,98,5,1586.77
16317.0,2,2,770.89
16318.0,243,1,328.15
16319.0,188,1,404.40000000000003
16320.0,66,1,852.68
16321.0,161,2,135.9
16322.0,120,2,326.75
16324.0,277,2,253.22
16325.0,128,2,416.02000000000004
16326.0,91,7,1691.0
16327.0,577,1,535.6
16332.0,29,5,984.01
16333.0,124,14,20637.36
16337.0,274,1,151.05
16338.0,217,1,214.79999999999998
16344.0,247,1,101.10000000000001
16347.0,274,1,436.79
16348.0,152,4,708.8
16350.0,70,2,812.17
16351.0,39,1,153.9
16352.0,302,1,204.92000000000002
16353.0,9,12,3404.21
16354.0,153,1,29.700000000000003
16356.0,160,1,102.0
16357.0,66,2,538.83
16358.0,120,3,1355.1000000000001
16359.0,9,8,1520.35
16360.0,1,4,2485.56
16362.0,30,5,709.99
16365.0,3,5,619.22
16367.0,302,2,800.67
16368.0,29,2,479.91
16370.0,65,1,271.04
16372.0,182,2,355.73
16374.0,244,1,312.53000000000003
16376.0,332,1,112.75999999999999
16378.0,189,2,220.1
16379.0,212,2,1225.44
16380.0,91,1,1743.1499999999999
16384.0,31,1,175.4
16385.0,61,3,554.86
16386.0,29,1,241.47
16389.0,341,1,119.65
16393.0,127,7,1573.03
16394.0,220,1,306.89
16395.0,61,1,212.8
16398.0,125,1,535.85
16400.0,184,1,303.93
16401.0,120,2,789.8299999999999
16402.0,577,1,205.65
16405.0,69,2,167.25
16407.0,36,1,60.0
16409.0,3,3,1370.66
16411.0,577,1,128.55
16414.0,251,1,50.8
16418.0,123,1,222.45000000000002
16419.0,98,3,629.02
16422.0,30,20,14663.57
16424.0,338,1,133.56
16425.0,69,1,302.7
16426.0,123,8,1442.28
16431.0,66,1,288.68
16432.0,183,1,287.4
16433.0,29,1,184.26
16434.0,60,3,598.15
16438.0,242,2,264.72
16440.0,60,4,2537.31
16441.0,275,1,170.2
16442.0,120,1,176.87
16444.0,215,1,301.32
16445.0,182,1,230.51
16446.0,89,1,168469.6
16449.0,251,1,416.69
16454.0,183,1,5.9
16455.0,153,4,1088.7
16456.0,191,3,1694.0900000000001
16457.0,219,1,208.36
16458.0,1,8,1587.22
16460.0,29,1,302.62
16462.0,157,2,68.0
16466.0,4,2,440.63
16469.0,159,2,268.3
16471.0,68,1,223.95000000000002
16473.0,162,1,149.41
16474.0,31,4,778.3000000000001
16475.0,1,2,395.0
16477.0,68,4,1311.65
16478.0,183,2,235.9
16484.0,307,1,285.7
16488.0,182,1,144.23000000000002
16495.0,129,3,648.26
16496.0,332,1,414.48
16497.0,70,1,279.3
16498.0,337,1,9.75
16499.0,424,1,218.10000000000002
16500.0,212,3,138.06
16503.0,96,1,251.6
16505.0,121,1,777.6
16510.0,666,1,248.1
16513.0,212,2,211.8
16515.0,3,4,1247.3600000000001
16516.0,90,1,101.69999999999999
16517.0,160,1,162.7
16518.0,91,1,293.62
16519.0,454,1,103.7
16520.0,187,2,749.41
16523.0,31,8,3469.85
16525.0,9,15,7795.37
16528.0,181,1,244.41
16529.0,307,1,455.25
16531.0,246,2,422.91
16532.0,223,1,1910.4
16533.0,303,1,364.22
16535.0,242,1,593.75
16539.0,151,3,1083.91
16546.0,666,1,299.40000000000003
16549.0,31,5,1815.19
16550.0,157,2,942.08
16551.0,162,3,922.12
16552.0,36,2,379.73
16553.0,68,3,1182.5
16554.0,9,2,314.11
16555.0,243,1,133.91
16556.0,128,2,1075.49
16558.0,37,9,3085.38
16561.0,30,2,511.12
16565.0,424,1,173.7
16567.0,162,1,557.5600000000001
16569.0,181,1,124.2
16570.0,152,3,1185.4
16571.0,282,1,436.68
16572.0,33,3,1009.6
16581.0,65,1,105.84
16583.0,697,1,233.45
16586.0,220,1,463.95
16589.0,337,1,117.68
16591.0,303,1,213.5
16592.0,90,6,1919.63
16593.0,279,1,185.9
16595.0,91,1,360.16
16596.0,485,1,120.65
16597.0,212,1,90.04
16600.0,212,2,366.18
16602.0,274,1,528.08
16603.0,92,1,296.62
16607.0,0,5,842.48
16609.0,3,3,1439.47
16610.0,249,1,75.66
16611.0,187,1,129.49
16612.0,2,4,1187.66
16614.0,65,1,506.19
16616.0,217,1,210.10000000000002
16618.0,121,1,1206.3
16620.0,181,1,83.2
16621.0,127,2,490.7
16623.0,128,1,129.45
16625.0,68,1,333.08
16626.0,89,6,1618.74
16628.0,60,2,920.47
16629.0,245,1,227.68
16633.0,4,1,255.8
16634.0,339,2,217.9
16637.0,61,3,850.85
16638.0,160,3,387.18
16639.0,121,1,786.36
16642.0,212,1,380.6
16643.0,128,1,487.51
16644.0,35,1,722.41
16652.0,0,4,5277.22
16654.0,218,2,262.8
16655.0,9,3,1844.38
16656.0,3,7,3587.44
16658.0,546,1,123.24
16659.0,279,1,39.12
16665.0,363,1,135.39999999999998
16667.0,303,1,366.78
16668.0,65,2,145.98
16670.0,39,4,2022.8600000000001
16671.0,29,2,309.39
16672.0,6,9,3865.0
16674.0,304,1,115.1
16676.0,66,3,1262.88
16678.0,2,7,2076.85
16679.0,485,1,129.75
16682.0,123,4,921.08
16684.0,212,7,36992.9
16685.0,91,2,324.24
16686.0,161,2,738.0699999999999
16688.0,61,2,329.45
16693.0,303,1,324.45
16696.0,66,2,440.1
16697.0,6,1,112.75
16700.0,3,6,2121.41
16701.0,9,6,2646.31
16705.0,6,5,5733.45
16706.0,302,2,239.82
16709.0,128,2,1270.43
16710.0,66,3,817.79
16711.0,69,2,680.2
16712.0,35,5,1494.16
16713.0,6,5,2222.09
16714.0,219,1,15.0
16716.0,342,1,734.4000000000001
16717.0,152,3,1033.91
16718.0,577,1,606.0500000000001
16719.0,223,2,583.18
16722.0,95,6,2137.76
16723.0,92,1,165.0
16725.0,69,4,443.57
16727.0,424,1,256.32
16729.0,6,9,3040.51
16732.0,121,1,603.75
16735.0,100,3,1503.59
16743.0,5,5,1416.1100000000001
16744.0,182,2,271.4
16745.0,2,10,4010.88
16746.0,2,5,2164.87
16747.0,275,2,836.06
16748.0,100,4,1249.2
16750.0,63,1,98.38
16751.0,90,1,1764.72
16752.0,666,1,207.5
16753.0,0,1,223.92000000000002
16754.0,666,1,2002.4
16756.0,96,1,239.4
16758.0,214,1,369.34000000000003
16759.0,90,3,789.79
16761.0,245,1,316.62
16764.0,121,5,1225.23
16766.0,37,2,1145.6
16767.0,65,7,2158.58
16770.0,666,1,130.8
16771.0,98,4,1796.05
16774.0,275,1,119.32
16775.0,93,3,453.23
16776.0,61,1,371.54
16778.0,68,1,93.18
16779.0,9,12,5376.71
16781.0,666,1,311.25
16782.0,160,4,769.6500000000001
16788.0,124,1,299.92
16789.0,332,1,80.8
16790.0,29,5,1454.17
16791.0,39,6,1553.88
16792.0,310,2,110.38000000000001
16794.0,4,3,442.21999999999997
16795.0,454,1,414.88
16796.0,31,1,305.62
16801.0,37,1,751.9
16803.0,214,1,332.3
16806.0,280,1,169.13
16807.0,127,1,280.6
16808.0,68,2,288.42
16809.0,91,1,149.68
16811.0,212,1,232.3
16813.0,245,3,376.57
16814.0,6,7,1944.07
16817.0,37,7,1474.8500000000001
16818.0,95,4,1165.56
16820.0,215,1,497.61
16825.0,157,2,775.1800000000001
16828.0,154,1,15.0
16829.0,186,1,197.22
16830.0,333,1,325.91
16832.0,126,2,121.4
16833.0,100,2,744.72
16835.0,277,2,180.85
16837.0,30,6,2219.68
16839.0,1,16,8470.8
16841.0,66,3,934.56
16842.0,69,2,866.95
16843.0,6,5,2841.88
16849.0,187,1,124.57
16850.0,70,1,332.41
16851.0,212,1,102.99000000000001
16858.0,546,1,375.69000000000005
16861.0,30,2,173.76
16863.0,121,2,502.8
16866.0,64,2,153.95
16871.0,31,1,329.44
16872.0,126,1,388.36
16873.0,91,5,6576.74
16875.0,253,2,1326.13
16877.0,64,1,111.23
16880.0,64,5,1340.25
16881.0,244,1,432.0
16882.0,244,1,489.41999999999996
16883.0,218,2,272.48
16884.0,302,2,429.84000000000003
16887.0,243,1,192.32999999999998
16889.0,67,2,1228.61
16891.0,120,4,566.12
16892.0,60,4,369.04
16893.0,485,1,145.93
16895.0,183,1,202.27
16898.0,546,1,112.08
16899.0,31,2,379.18
16900.0,153,1,752.6800000000001
16903.0,60,1,363.2
16904.0,60,7,1570.81
16905.0,242,2,589.1
16906.0,187,2,293.99
16907.0,60,2,449.69
16910.0,92,3,433.3
16912.0,29,4,1017.0
16914.0,274,1,183.76
16915.0,220,3,340.49
16916.0,666,1,196.43
16917.0,129,1,391.52
16918.0,153,4,755.24
16919.0,6,5,1010.08
16921.0,91,1,154.18
16923.0,64,9,4035.95
16924.0,183,1,252.54
16926.0,638,1,230.25
16927.0,129,1,123.35
16928.0,32,8,1074.3899999999999
16929.0,156,4,740.6
16930.0,303,2,205.45000000000002
16931.0,67,7,1383.65
16933.0,120,1,338.5
16938.0,4,3,2701.9300000000003
16942.0,182,5,1006.39
16943.0,5,1,172.1
16945.0,0,9,1939.8
16949.0,157,3,773.58
16950.0,155,2,778.41
16951.0,130,1,1053.79
16953.0,90,1,20.8
16954.0,61,4,910.2
16955.0,126,4,518.67
16957.0,282,1,114.84
16960.0,61,3,507.05
16963.0,218,1,110.55000000000001
16966.0,332,1,385.79999999999995
16967.0,279,1,319.02
16968.0,212,1,186.12
16969.0,338,1,397.36
16971.0,333,1,357.21
16979.0,60,2,534.38
16982.0,61,1,384.06
16983.0,4,3,726.5
16984.0,1,2,4459.52
16985.0,1,4,1977.98
16986.0,60,2,1873.2
16987.0,181,1,223.68
16988.0,242,1,126.12
16989.0,3,4,1029.3
16990.0,219,1,179.0
16992.0,274,2,728.71
16996.0,63,3,1087.02
16997.0,283,1,78.0
16998.0,130,1,90.0
17001.0,89,4,1376.78
17002.0,127,1,480.46000000000004
17004.0,123,1,905.6
17006.0,121,2,355.91
17007.0,96,2,250.66
17011.0,90,1,270.9
17014.0,152,3,583.4300000000001
17015.0,29,2,793.13
17017.0,151,5,2164.22
17019.0,546,1,358.82
17022.0,121,1,71.0
17024.0,217,2,56.25
17025.0,61,3,357.77
17026.0,157,2,154.82999999999998
17027.0,341,1,13.2
17030.0,153,1,146.87
17031.0,125,1,225.95
17033.0,96,1,300.29999999999995
17035.0,128,2,433.53000000000003
17038.0,90,1,112.4
17042.0,63,4,814.4
17043.0,152,1,641.36
17045.0,186,2,148.35
17046.0,217,1,642.02
17048.0,9,2,760.4
17049.0,96,5,2672.37
17050.0,190,4,2524.7
17052.0,29,1,399.09
17053.0,336,1,498.48
17054.0,29,2,463.08
17059.0,60,2,1565.65
17061.0,219,1,484.12000000000006
17062.0,454,2,289.39
17064.0,0,2,711.5
17068.0,183,6,1139.8
17069.0,29,5,1826.93
17071.0,1,5,1587.3500000000001
17076.0,37,3,841.0799999999999
17078.0,274,2,378.2
17082.0,182,1,1366.91
17083.0,99,1,691.36
17084.0,243,2,2747.9900000000002
17085.0,124,3,1040.99
17086.0,90,4,1482.51
17088.0,29,2,622.5600000000001
17090.0,1,3,1023.2
17091.0,121,7,2727.4900000000002
17092.0,160,2,629.32
17095.0,100,1,313.15
17096.0,0,1,263.61
17097.0,151,2,318.87
17101.0,60,1,471.0
17105.0,191,2,665.78
17107.0,156,4,6209.12
17109.0,60,3,307.53
17114.0,100,4,469.97
17115.0,65,2,527.48
17119.0,30,2,606.91
17122.0,2,1,138.32
17123.0,337,1,345.29999999999995
17124.0,157,1,294.24
17126.0,64,4,689.73
17128.0,100,1,157.09
17131.0,182,2,1180.73
17133.0,159,3,2194.9700000000003
17135.0,302,3,400.0
17138.0,98,1,380.5
17139.0,1,5,4587.38
17140.0,189,1,454.12
17144.0,120,1,388.68
17147.0,342,1,409.5
17157.0,301,1,157.54000000000002
17158.0,152,1,568.42
17160.0,6,3,1599.98
17162.0,29,9,1417.08
17164.0,33,6,1721.51
17166.0,333,1,78.75
17169.0,95,1,308.68
17173.0,0,3,1239.16
17174.0,188,1,59.9
17175.0,4,1,302.62
17180.0,6,2,307.36
17181.0,697,1,155.52
17183.0,152,2,1343.8400000000001
17186.0,61,1,72.0
17188.0,60,3,1252.38
17190.0,0,1,249.74
17191.0,29,7,2093.68
17193.0,0,3,190.96
17194.0,37,1,10.0
17197.0,60,1,1013.01
17198.0,454,2,521.66
17203.0,61,4,2260.81
17204.0,6,1,461.25
17211.0,4,3,808.47
17213.0,485,1,312.90000000000003
17214.0,61,3,488.07
17218.0,31,6,1086.14
17219.0,121,1,114.23
17220.0,186,6,1142.75
17221.0,274,2,334.48
17222.0,214,1,328.65
17223.0,311,2,416.89
17226.0,252,1,393.49
17227.0,61,2,249.36
17228.0,153,4,911.64
17229.0,245,1,161.05
17230.0,311,1,675.0
17231.0,127,4,1341.39
17232.0,151,1,209.73
17233.0,243,1,190.88
17234.0,65,1,149.89000000000001
17235.0,666,1,341.9
17236.0,36,2,244.73000000000002
17238.0,29,8,1955.9
17242.0,4,1,709.44
17243.0,29,13,4289.41
17248.0,32,1,318.65
17250.0,181,1,219.32
17251.0,363,1,269.83
17252.0,187,1,337.01
17254.0,212,1,102.13
17259.0,546,1,367.95
17262.0,485,1,268.86
17265.0,4,1,377.84000000000003
17266.0,151,2,183.52
17267.0,246,2,317.2
17268.0,3,3,311.48
17274.0,243,1,107.82
17278.0,6,1,246.04
17282.0,336,1,687.0
17284.0,32,3,1147.52
17287.0,340,3,367.94
17288.0,340,1,127.30000000000001
17289.0,4,3,931.02
17290.0,181,1,164.18
17291.0,252,1,550.8000000000001
17293.0,0,7,1257.58
17295.0,29,3,547.0
17298.0,155,1,107.63999999999999
17299.0,31,1,297.36
17302.0,93,3,876.8100000000001
17306.0,129,5,2361.3
17309.0,215,1,82.75
17312.0,156,2,399.5
17313.0,121,1,2328.84
17314.0,0,3,1348.75
17315.0,5,14,2397.43
17317.0,31,1,2027.94
17320.0,546,1,450.92
17321.0,275,2,657.16
17323.0,91,3,412.71
17324.0,9,2,702.23
17325.0,251,1,96.8
17330.0,275,1,264.9
17331.0,124,1,175.2
17334.0,69,2,307.02
17337.0,5,4,1981.06
17338.0,9,2,1367.08
17339.0,184,2,243.36
17340.0,32,6,9190.58
17341.0,186,3,682.29
17345.0,154,1,155.8
17346.0,0,5,842.57
17348.0,29,2,318.38
17350.0,332,2,394.98
17351.0,37,2,358.45
17353.0,125,2,1740.0
17356.0,342,1,178.22
17358.0,99,1,119.15
17360.0,126,1,320.9
17361.0,187,1,218.92
17362.0,283,1,150.0
17364.0,9,6,2645.79
17365.0,39,2,742.66
17368.0,152,3,750.87
17370.0,123,1,117.36
17372.0,61,4,665.95
17374.0,219,2,495.77
17376.0,342,1,105.85
17377.0,31,10,2168.39
17381.0,2,22,17101.25
17382.0,214,1,65.4
17383.0,212,1,193.39000000000001
17384.0,249,1,227.65
17386.0,301,3,1145.02
17387.0,182,1,309.14
17388.0,5,1,381.6
17389.0,9,16,20486.0
17392.0,191,1,145.5
17394.0,249,1,203.86999999999998
17396.0,275,2,2431.5
17400.0,216,1,791.22
17402.0,90,5,1285.95
17403.0,274,1,263.92
17404.0,5,6,6435.38
17405.0,3,2,541.71
17406.0,70,3,2184.42
17409.0,126,2,771.85
17410.0,0,4,978.38
17412.0,30,4,685.46
17414.0,126,1,598.0
17416.0,60,2,3129.32
17419.0,129,6,1844.81
17420.0,697,1,130.85
17422.0,4,3,1084.65
17423.0,188,1,449.42
17425.0,61,1,688.97
17426.0,92,4,2951.91
17428.0,6,16,8641.94
17429.0,157,3,524.9200000000001
17430.0,152,2,265.76
17432.0,302,1,175.89
17433.0,1,1,303.15999999999997
17434.0,151,2,635.08
17436.0,120,1,93.89999999999999
17440.0,186,3,186.42000000000002
17442.0,63,4,1553.55
17443.0,249,1,534.24
17444.0,33,1,1217.64
17446.0,311,1,68.10000000000001
17449.0,151,3,937.24
17450.0,3,11,35824.22
17451.0,120,1,294.18
17453.0,183,1,341.99999999999994
17456.0,454,1,249.86
17457.0,216,4,1370.5
17459.0,61,1,300.39
17460.0,184,3,230.15
17461.0,60,1,382.56
17462.0,61,1,212.28
17464.0,247,1,289.96000000000004
17469.0,217,1,440.71
17470.0,188,4,816.47
17472.0,338,1,259.27
17481.0,154,3,838.03
17483.0,95,2,294.40000000000003
17489.0,0,2,376.64
17490.0,89,4,1077.82
17491.0,120,5,1723.93
17492.0,220,1,374.57
17495.0,301,2,497.56
17500.0,60,1,288.0
17501.0,280,2,288.6
17502.0,60,1,226.60000000000002
17503.0,151,2,558.96
17504.0,188,1,251.75
17505.0,337,1,658.85
17507.0,283,1,340.56
17508.0,251,1,387.31
17509.0,61,7,5200.5
17511.0,6,15,49108.16
17512.0,29,5,1635.27
17514.0,277,1,208.65
17515.0,121,1,67.65
17516.0,2,2,281.02
17517.0,252,1,153.94
17519.0,546,1,335.3
17521.0,60,2,563.65
17522.0,95,3,845.02
17526.0,212,2,549.9
17527.0,219,1,292.11
17528.0,0,3,1041.13
17530.0,120,2,515.67
17531.0,307,1,296.7
17535.0,251,1,164.4
17537.0,60,2,887.67
17550.0,67,1,156.22
17552.0,61,3,315.02
17553.0,305,1,1487.6
17554.0,30,3,925.9
17555.0,100,1,195.45
17560.0,156,3,531.0
17562.0,63,2,235.3
17566.0,332,1,474.95
17567.0,123,4,2061.73
17569.0,39,1,344.14
17571.0,160,1,75.6
17572.0,335,2,114.60000000000001
17573.0,60,2,373.1
17574.0,36,1,185.65
17576.0,3,9,1942.01
17578.0,219,1,143.45999999999998
17579.0,212,1,178.04
17580.0,340,1,47.7
17581.0,66,17,5998.92
17584.0,246,2,1242.3
17585.0,223,1,417.81
17589.0,33,3,1813.4
17590.0,151,1,320.93
17591.0,93,2,597.9
17593.0,92,2,1663.82
17595.0,302,1,155.8
17596.0,153,4,1897.57
17597.0,66,1,2044.3700000000001
17602.0,151,2,1231.19
17604.0,188,1,173.12
17608.0,182,2,191.99
17609.0,69,1,107.65
17611.0,36,7,1718.43
17612.0,96,2,704.36
17613.0,161,2,826.5500000000001
17615.0,336,2,211.05
17616.0,516,1,326.4
17618.0,220,3,930.28
17620.0,30,1,81.44
17623.0,152,1,527.0500000000001
17624.0,219,1,400.3
17629.0,32,5,1384.03
17631.0,120,1,111.83
17633.0,32,2,653.23
17634.0,35,7,2045.98
17637.0,121,1,208.11
17639.0,129,1,108.5
17642.0,2,1,316.99
17643.0,697,1,101.55
17644.0,32,4,1077.83
17646.0,249,3,1008.39
17647.0,214,1,133.06
17648.0,61,2,1273.98
17651.0,121,4,1661.78
17652.0,61,6,2247.65
17653.0,32,4,1207.56
17654.0,160,1,117.55
17655.0,130,2,990.0
17656.0,1,2,473.98
17658.0,5,1,317.59999999999997
17659.0,30,4,932.6800000000001
17663.0,125,2,437.19
17664.0,35,1,326.19
17666.0,181,2,728.16
17667.0,5,4,1127.46
17668.0,120,2,347.75
17669.0,93,2,844.0
17671.0,5,3,1098.55
17672.0,283,1,1177.8400000000001
17673.0,120,3,706.54
17674.0,546,1,300.66
17675.0,3,14,7928.51
17676.0,0,5,1140.2
17677.0,29,12,6806.4400000000005
17682.0,189,2,757.29
17685.0,1,3,2064.93
17686.0,32,3,3774.58
17690.0,90,10,2836.81
17691.0,546,1,142.5
17692.0,161,2,228.18
17696.0,156,6,1607.81
17700.0,66,3,1681.83
17701.0,340,1,417.95
17702.0,90,1,485.6
17703.0,243,1,307.78
17705.0,38,5,1042.4
17706.0,61,9,3453.82
17707.0,157,2,152.4
17708.0,218,1,156.48
17716.0,60,6,2643.56
17719.0,1,6,2266.92
17720.0,516,1,102.0
17722.0,245,3,1590.6
17723.0,96,4,2199.3
17725.0,250,1,313.28999999999996
17728.0,181,2,2530.98
17730.0,29,5,2352.36
17731.0,95,3,963.74
17732.0,666,1,303.97
17733.0,333,1,475.24
17735.0,125,11,7296.29
17737.0,0,1,87.39
17738.0,310,1,779.92
17739.0,70,3,1111.67
17742.0,39,1,302.57
17744.0,181,2,1010.9399999999999
17750.0,242,3,426.02
17754.0,89,3,1089.59
17757.0,64,14,2281.51
17758.0,64,2,965.1600000000001
17760.0,697,1,172.54
17761.0,152,1,712.78
17764.0,5,1,230.67000000000002
17765.0,247,1,109.33
17768.0,182,2,1696.0700000000002
17769.0,30,3,1421.99
17770.0,35,3,967.07
17774.0,161,3,830.53
17781.0,278,1,86.02
17783.0,189,1,112.41
17787.0,64,3,1335.28
17788.0,305,1,16.7
17789.0,282,1,225.9
17790.0,3,7,998.29
17791.0,60,1,106.1
17796.0,100,2,389.0
17797.0,65,1,272.41
17799.0,36,2,498.42
17800.0,37,7,862.3
17802.0,4,2,632.4200000000001
17809.0,38,8,3049.9100000000003
17811.0,1,19,2856.79
17812.0,333,2,236.76999999999998
17813.0,183,2,1186.5
17816.0,214,3,31.46
17817.0,160,3,387.68
17819.0,65,3,1579.57
17827.0,36,5,1987.33
17828.0,126,1,833.16
17830.0,120,1,111.05
17831.0,182,1,35.400000000000006
17835.0,151,1,114.14
17837.0,30,3,540.55
17838.0,31,3,1515.26
17841.0,0,53,17142.19
17843.0,99,1,205.48
17848.0,250,3,367.53
17849.0,70,3,454.35
17850.0,666,34,5391.21
17854.0,157,1,199.5
17855.0,666,1,208.97
17856.0,120,2,758.21
17857.0,32,11,14867.68
17858.0,2,4,1646.67
17859.0,130,1,141.92000000000002
17860.0,546,1,226.45000000000002
17861.0,60,4,1258.37
17863.0,30,3,1923.4
17864.0,31,2,438.07
17865.0,1,5,3406.9700000000003
17867.0,90,2,200.39000000000001
17869.0,127,3,310.96
17870.0,92,5,965.12
17873.0,126,3,1086.8700000000001
17874.0,157,1,122.76
17880.0,424,1,458.92
17881.0,130,1,133.35000000000002
17883.0,159,2,300.54
17884.0,181,4,695.0699999999999
17886.0,121,2,711.51
17887.0,305,1,111.35
17888.0,30,4,473.32
17889.0,35,1,102.02
17892.0,156,1,142.1
17894.0,245,2,235.67000000000002
17897.0,516,2,410.67
17899.0,278,1,154.55
17900.0,307,2,112.19999999999999
17901.0,60,1,110.38
17905.0,186,2,425.34000000000003
17906.0,189,1,72.9
17908.0,697,1,232.03
17912.0,311,3,125.8
17913.0,0,1,190.6
17914.0,181,1,329.36
17917.0,363,1,107.16
17919.0,1,1,1304.04
17920.0,182,6,1784.57
17921.0,183,1,224.76
17923.0,310,1,207.50000000000003
17924.0,38,3,2076.7200000000003
17925.0,666,1,244.08
17928.0,159,1,78.25999999999999
17929.0,252,1,196.20000000000002
17930.0,183,2,749.88
17932.0,5,2,986.07
17934.0,0,1,638.45
17936.0,242,1,380.13
17937.0,121,3,2080.26
17939.0,278,1,99.14
17940.0,69,6,3537.54
17941.0,336,1,304.56
17942.0,301,1,77.50000000000001
17947.0,302,1,176.68
17949.0,3,21,14169.32
17950.0,454,2,263.17
17951.0,697,1,295.5
17954.0,124,6,1132.15
17955.0,219,3,394.1
17956.0,250,1,12.75
17957.0,244,1,111.68
17961.0,1,13,299.25
17964.0,121,2,463.21
17965.0,9,10,1912.71
17966.0,33,4,951.43
17967.0,638,1,112.27
17968.0,697,1,265.1
17970.0,5,1,562.79
17972.0,6,1,135.19
17974.0,249,1,164.07
17975.0,153,5,1601.01
17976.0,666,1,321.79
17977.0,60,1,288.14
17978.0,454,1,300.91999999999996
17979.0,243,1,237.87
17987.0,157,1,198.57
17988.0,337,1,13.370000000000001
17994.0,37,3,369.59
17995.0,282,1,76.1
17997.0,64,4,1266.1399999999999
17999.0,302,2,380.39
18004.0,363,1,157.92
18005.0,181,1,94.4
18008.0,36,1,162.5
18011.0,697,1,102.78999999999999
18013.0,156,2,187.29
18014.0,29,1,162.22
18015.0,212,1,120.03
18016.0,152,3,690.91
18017.0,311,1,165.0
18022.0,243,1,612.72
18024.0,64,2,389.78
18027.0,304,1,115.31
18030.0,212,1,109.55
18032.0,100,1,73.5
18033.0,214,1,93.82000000000001
18035.0,243,1,235.35999999999999
18036.0,128,2,259.38
18037.0,125,2,40.5
18040.0,128,1,239.0
18041.0,66,11,1962.82
18043.0,485,1,287.91
18044.0,212,4,747.37
18055.0,277,5,2511.4900000000002
18059.0,275,1,124.08
18061.0,33,5,1213.91
18062.0,192,2,485.92
18065.0,95,10,1450.76
18069.0,1,2,1087.16
18071.0,454,1,258.95
18072.0,157,1,247.44
18073.0,156,4,1470.18
18074.0,697,1,489.6
18075.0,30,3,635.49
18077.0,32,4,1021.21
18078.0,188,1,138.19
18079.0,216,1,593.35
18080.0,36,1,841.4999999999999
18081.0,274,1,135.4
18085.0,697,1,303.9
18086.0,68,1,101.34
18087.0,304,1,852.8
18088.0,91,1,166.03
18092.0,2,6,5253.7
18093.0,32,3,1841.92
18094.0,219,1,633.0
18095.0,39,1,374.75
18096.0,153,1,142.71
18097.0,216,4,1680.5
18099.0,246,1,168.31
18102.0,89,29,135953.04
18104.0,302,1,754.64
18105.0,302,1,113.48000000000002
18109.0,4,15,4565.95
18113.0,546,1,76.32000000000001
18116.0,275,3,500.93
18118.0,29,12,2366.25
18119.0,516,1,180.7
18120.0,96,1,111.15
18121.0,125,1,630.05
18122.0,3,3,742.02
18123.0,121,1,308.47999999999996
18125.0,60,1,197.85
18126.0,61,1,200.92000000000002
18129.0,67,1,112.55000000000001
18130.0,29,1,455.90999999999997
18133.0,35,1,931.4999999999999
18135.0,60,4,558.26
18136.0,5,2,495.34000000000003
18142.0,127,2,1019.52
18144.0,35,5,1202.85
18146.0,280,1,76.65
18149.0,37,2,549.68
18150.0,152,1,153.3
18154.0,181,1,178.7
18156.0,577,1,186.88
18158.0,1,1,343.8
18159.0,38,1,530.15
18161.0,183,2,630.22
18164.0,302,1,399.65000000000003
18167.0,243,1,390.6
18168.0,69,2,447.75
18169.0,61,1,202.65
18170.0,182,2,629.01
18171.0,0,3,787.34
18172.0,5,10,3418.6
18173.0,68,1,853.48
18174.0,301,1,104.0
18177.0,121,2,627.77
18178.0,249,4,1590.81
18179.0,162,2,545.8
18180.0,1,3,940.75
18183.0,68,1,312.8
18185.0,250,1,304.25
18196.0,215,1,235.85
18198.0,121,7,2158.83
18202.0,342,1,485.73
18203.0,217,1,160.42000000000002
18205.0,274,1,291.6
18209.0,29,1,139.10000000000002
18210.0,60,2,499.27000000000004
18211.0,190,1,137.9
18215.0,31,1,299.34000000000003
18216.0,121,1,481.75
18217.0,60,1,303.85
18218.0,5,2,641.92
18219.0,96,3,680.1800000000001
18221.0,5,3,708.81
18222.0,123,1,443.0
18223.0,190,4,1505.88
18225.0,161,3,799.1
18226.0,32,5,2251.38
18227.0,188,1,93.75
18229.0,0,7,2397.7400000000002
18230.0,60,4,1697.92
18232.0,217,1,129.64000000000001
18235.0,32,2,749.8
18236.0,60,4,626.49
18237.0,2,4,663.72
18239.0,219,2,904.8100000000001
18241.0,30,5,900.73
18242.0,66,1,314.26
18245.0,5,3,1395.63
18248.0,93,2,804.02
18250.0,311,1,349.27
18255.0,31,1,103.3
18257.0,275,2,532.38
18259.0,485,1,376.30000000000007
18260.0,100,1,557.07
18261.0,215,1,224.8
18263.0,156,2,811.4
18265.0,247,1,488.55
18269.0,485,1,168.6
18270.0,333,1,171.20000000000002
18272.0,3,3,1761.3600000000001
18273.0,151,2,153.0
18274.0,90,1,175.92
18277.0,0,1,110.38
18280.0,160,1,180.60000000000002
18281.0,4,1,80.82
18282.0,216,2,178.05
18283.0,60,5,561.7
18287.0,0,1,1001.3199999999999
